id,time,dominance,pos,pos1,pos2,neg,neg1,neg2,f_p1,f_p2,hp1,hp2
0,18:31:38,1,1,1,0,0,0,0,-1,1,348,350
1,18:31:39,1,1,1,0,1,0,1,-1,1,348,350
2,18:31:40,1,2,2,0,1,0,1,-1,1,323,335
3,18:31:41,1,2,2,0,2,0,2,-1,1,323,335
4,18:31:42,1,2,2,0,2,0,2,-1,1,323,335
5,18:31:43,1,3,3,0,2,0,2,-1,1,323,323
6,18:31:44,1,3,3,0,2,0,2,-1,1,323,323
7,18:31:45,1,3,3,0,3,0,3,-1,1,323,323
8,18:31:46,1,4,4,0,3,0,3,-1,1,283,323
9,18:31:47,1,4,4,0,3,0,3,-1,1,283,323
10,18:31:48,1,4,4,0,3,0,3,-1,1,283,323
11,18:31:49,1,4,4,0,3,0,3,-1,1,283,294
12,18:31:50,1,4,4,0,3,0,3,-1,1,283,294
13,18:31:51,1,4,4,0,4,0,4,-1,1,283,294
14,18:31:52,1,5,5,0,4,0,4,-1,1,273,282
15,18:31:53,1,5,5,0,4,0,4,-1,1,273,282
16,18:31:54,1,6,6,0,3,0,3,-1,1,273,282
17,18:31:55,1,5,5,0,4,0,4,-1,1,273,220
18,18:31:56,1,6,6,0,4,0,4,-1,1,273,220
19,18:31:57,1,6,6,0,4,0,4,-1,1,273,220
20,18:31:58,1,5,5,0,4,0,4,-1,1,133,220
21,18:31:59,1,5,5,0,4,0,4,-1,1,133,220
22,18:32:00,1,5,5,0,3,0,3,-1,1,133,220
23,18:32:01,1,4,4,0,3,0,3,-1,1,133,200
24,18:32:02,1,4,4,0,3,0,3,-1,1,133,200
25,18:32:03,1,4,4,0,3,0,3,-1,1,133,200
26,18:32:04,1,4,4,0,3,0,3,-1,1,133,180
27,18:32:05,1,4,4,0,3,0,3,-1,1,133,180
28,18:32:06,1,4,4,0,2,0,2,-1,1,133,180
29,18:32:07,1,3,3,0,2,0,2,-1,1,98,168
30,18:32:08,1,2,2,0,2,0,2,-1,1,0,168
31,18:32:09,1,1,1,0,2,0,2,-1,1,0,168
32,18:32:10,1,1,1,0,1,0,1,-1,1,0,168
33,18:32:11,0,0,0,0,0,0,0,0,0,0,168
34,18:32:12,0,0,0,0,0,0,0,0,0,0,168
35,18:32:13,0,0,0,0,0,0,0,0,0,0,168
36,18:32:14,0,0,0,0,0,0,0,0,0,0,168
37,18:32:16,0,0,0,0,0,0,0,0,0,0,168
38,18:32:17,0,0,0,0,0,0,0,0,0,0,168
39,18:32:18,0,0,0,0,0,0,0,0,0,0,168
40,18:32:19,0,0,0,0,0,0,0,0,0,0,168
41,18:32:20,0,0,0,0,0,0,0,0,0,0,168
42,18:32:21,0,0,0,0,0,0,0,0,0,0,168
43,18:32:22,0,0,0,0,0,0,0,0,0,0,168
44,18:32:23,0,0,0,0,0,0,0,0,0,0,168
45,18:32:24,0,0,0,0,0,0,0,0,0,0,168
46,18:32:25,0,0,0,0,0,0,0,0,0,0,168
47,18:32:26,0,0,0,0,0,0,0,0,0,0,168
48,18:32:27,0,0,0,0,0,0,0,0,0,0,168
49,18:32:28,0,0,0,0,0,0,0,0,0,0,168
50,18:32:29,0,0,0,0,0,0,0,0,0,0,168
51,18:32:30,0,0,0,0,0,0,0,0,0,0,168
52,18:32:31,0,0,0,0,0,0,0,0,0,0,168
53,18:32:32,0,0,0,0,0,0,0,0,0,0,168
54,18:32:33,0,0,0,0,0,0,0,0,0,0,168
55,18:32:34,0,0,0,0,0,0,0,0,0,0,168
56,18:32:35,0,0,0,0,0,0,0,0,0,0,168
57,18:32:36,0,0,0,0,0,0,0,0,0,0,168
58,18:32:37,0,0,0,0,0,0,0,0,0,0,168
59,18:32:38,0,0,0,0,0,0,0,0,0,0,168
60,18:32:39,0,0,0,0,0,0,0,0,0,0,168
61,18:32:40,0,0,0,0,0,0,0,0,0,0,168
62,18:32:41,0,0,0,0,0,0,0,0,0,0,168
63,18:32:42,0,0,0,0,0,0,0,0,0,0,168
64,18:32:43,0,0,0,0,0,0,0,0,0,0,168
65,18:32:44,0,0,0,0,0,0,0,0,0,0,168
66,18:32:45,0,0,0,0,0,0,0,0,0,0,168
67,18:32:46,0,0,0,0,0,0,0,0,0,0,168
68,18:32:47,0,0,0,0,0,0,0,0,0,0,168
69,18:32:48,0,0,0,0,0,0,0,0,0,0,168
70,18:32:49,0,0,0,0,0,0,0,0,0,0,168
71,18:32:50,0,0,0,0,0,0,0,0,0,0,168
72,18:32:51,0,0,0,0,0,0,0,0,0,0,168
73,18:32:52,0,0,0,0,0,0,0,0,0,0,168
74,18:32:53,0,0,0,0,0,0,0,0,0,0,168
75,18:32:54,0,0,0,0,0,0,0,0,0,0,168
76,18:32:55,0,0,0,0,0,0,0,0,0,0,168
77,18:32:56,0,0,0,0,0,0,0,0,0,0,168
78,18:32:57,0,0,0,0,0,0,0,0,0,0,168
79,18:32:58,0,0,0,0,0,0,0,0,0,0,168
80,18:32:59,0,0,0,0,0,0,0,0,0,0,168
81,18:33:00,0,0,0,0,0,0,0,0,0,0,168
82,18:33:01,0,0,0,0,0,0,0,0,0,0,168
83,18:33:02,0,0,0,0,0,0,0,0,0,0,168
84,18:33:03,0,0,0,0,0,0,0,0,0,0,168
85,18:33:04,0,0,0,0,0,0,0,0,0,0,168
86,18:33:05,0,0,0,0,0,0,0,0,0,0,168
87,18:33:06,0,0,0,0,0,0,0,0,0,0,168
88,18:33:07,0,0,0,0,0,0,0,0,0,0,168
89,18:33:08,0,0,0,0,0,0,0,0,0,0,168
90,18:33:09,0,0,0,0,0,0,0,0,0,0,168
91,18:33:10,0,0,0,0,0,0,0,0,0,0,168
92,18:33:11,0,0,0,0,0,0,0,0,0,0,168
93,18:33:12,0,0,0,0,0,0,0,0,0,0,168
94,18:33:13,0,0,0,0,0,0,0,0,0,0,168
95,18:33:14,0,0,0,0,0,0,0,0,0,0,168
96,18:33:15,0,0,0,0,0,0,0,0,0,0,168
97,18:33:16,0,0,0,0,0,0,0,0,0,0,168
98,18:33:17,0,0,0,0,0,0,0,0,0,0,168
99,18:33:18,0,0,0,0,0,0,0,0,0,0,168
100,18:33:19,0,0,0,0,0,0,0,0,0,0,168
101,18:33:20,0,0,0,0,0,0,0,0,0,0,168
102,18:33:21,0,0,0,0,0,0,0,0,0,0,168
103,18:33:22,0,0,0,0,0,0,0,0,0,0,168
104,18:33:23,0,0,0,0,0,0,0,0,0,0,168
105,18:33:24,0,0,0,0,0,0,0,0,0,0,168
106,18:33:25,0,0,0,0,0,0,0,0,0,0,168
107,18:33:26,0,0,0,0,0,0,0,0,0,0,168
108,18:33:27,0,0,0,0,0,0,0,0,0,0,168
109,18:33:28,0,0,0,0,0,0,0,0,0,0,168
110,18:33:29,0,0,0,0,0,0,0,0,0,0,168
111,18:33:30,0,0,0,0,0,0,0,0,0,0,168
112,18:33:31,0,0,0,0,0,0,0,0,0,0,168
113,18:33:32,0,0,0,0,0,0,0,0,0,0,168
114,18:33:33,0,0,0,0,0,0,0,0,0,0,168
115,18:33:34,0,0,0,0,0,0,0,0,0,0,168
116,18:33:35,0,0,0,0,0,0,0,0,0,0,168
117,18:33:36,0,0,0,0,0,0,0,0,0,0,168
118,18:33:37,0,0,0,0,0,0,0,0,0,0,168
119,18:33:38,0,0,0,0,0,0,0,0,0,0,168
120,18:33:39,0,0,0,0,0,0,0,0,0,0,168
121,18:33:40,0,0,0,0,0,0,0,0,0,0,168
122,18:33:41,0,0,0,0,0,0,0,0,0,0,168
123,18:33:42,0,0,0,0,0,0,0,0,0,0,168
124,18:33:43,0,0,0,0,0,0,0,0,0,0,168
125,18:33:44,0,0,0,0,0,0,0,0,0,0,168
126,18:33:45,0,0,0,0,0,0,0,0,0,0,168
127,18:33:46,0,0,0,0,0,0,0,0,0,0,168
128,18:33:47,0,0,0,0,0,0,0,0,0,0,168
129,18:33:48,0,0,0,0,0,0,0,0,0,0,168
130,18:33:49,0,0,0,0,0,0,0,0,0,0,168
131,18:33:50,0,0,0,0,0,0,0,0,0,0,168
132,18:33:51,0,0,0,0,0,0,0,0,0,0,168
133,18:33:52,0,0,0,0,0,0,0,0,0,0,168
134,18:33:53,0,0,0,0,0,0,0,0,0,0,168
135,18:33:54,0,0,0,0,0,0,0,0,0,0,168
136,18:33:55,0,0,0,0,0,0,0,0,0,0,168
137,18:33:56,0,0,0,0,0,0,0,0,0,0,168
138,18:33:57,0,0,0,0,0,0,0,0,0,0,168
139,18:33:58,0,0,0,0,0,0,0,0,0,0,168
140,18:33:59,0,0,0,0,0,0,0,0,0,0,168
141,18:34:00,0,0,0,0,0,0,0,0,0,0,168
142,18:34:01,0,0,0,0,0,0,0,0,0,0,168
143,18:34:02,0,0,0,0,0,0,0,0,0,0,168
144,18:34:03,0,0,0,0,0,0,0,0,0,0,168
145,18:34:04,0,0,0,0,0,0,0,0,0,0,168
146,18:34:05,0,0,0,0,0,0,0,0,0,0,168
147,18:34:06,0,0,0,0,0,0,0,0,0,0,168
148,18:34:07,0,0,0,0,0,0,0,0,0,0,168
149,18:34:08,0,0,0,0,0,0,0,0,0,0,168
150,18:34:09,0,0,0,0,0,0,0,0,0,0,168
151,18:34:10,0,0,0,0,0,0,0,0,0,0,168
152,18:34:11,0,0,0,0,0,0,0,0,0,0,168
153,18:34:12,0,0,0,0,0,0,0,0,0,0,168
154,18:34:13,0,0,0,0,0,0,0,0,0,0,168
155,18:34:14,0,0,0,0,0,0,0,0,0,0,168
156,18:34:15,0,0,0,0,0,0,0,0,0,0,168
157,18:34:16,0,0,0,0,0,0,0,0,0,0,168
158,18:34:17,0,0,0,0,0,0,0,0,0,0,168
159,18:34:18,0,0,0,0,0,0,0,0,0,0,168
160,18:34:19,0,0,0,0,0,0,0,0,0,0,168
161,18:34:20,0,0,0,0,0,0,0,0,0,0,168
162,18:34:21,0,0,0,0,0,0,0,0,0,0,168
163,18:34:22,0,0,0,0,0,0,0,0,0,0,168
164,18:34:23,0,0,0,0,0,0,0,0,0,0,168
165,18:34:24,0,0,0,0,0,0,0,0,0,0,168
166,18:34:25,0,0,0,0,0,0,0,0,0,0,168
167,18:34:26,0,0,0,0,0,0,0,0,0,0,168
168,18:34:27,0,0,0,0,0,0,0,0,0,0,168
169,18:34:28,0,0,0,0,0,0,0,0,0,0,168
170,18:34:29,0,0,0,0,0,0,0,0,0,0,168
171,18:34:30,0,0,0,0,0,0,0,0,0,0,168
172,18:34:31,0,0,0,0,0,0,0,0,0,0,168
173,18:34:32,0,0,0,0,0,0,0,0,0,0,168
174,18:34:33,0,0,0,0,0,0,0,0,0,0,168
175,18:34:34,0,0,0,0,0,0,0,0,0,0,168
176,18:34:35,0,0,0,0,0,0,0,0,0,0,168
177,18:34:36,0,0,0,0,0,0,0,0,0,0,168
178,18:34:37,0,0,0,0,0,0,0,0,0,0,168
179,18:34:38,0,0,0,0,0,0,0,0,0,0,168
180,18:34:39,0,0,0,0,0,0,0,0,0,0,168
181,18:34:40,0,0,0,0,0,0,0,0,0,0,168
182,18:34:41,0,0,0,0,0,0,0,0,0,0,168
183,18:34:42,0,0,0,0,0,0,0,0,0,0,168
184,18:34:43,0,0,0,0,0,0,0,0,0,0,168
185,18:34:44,0,0,0,0,0,0,0,0,0,0,168
186,18:34:45,0,0,0,0,0,0,0,0,0,0,168
187,18:34:46,0,0,0,0,0,0,0,0,0,0,168
188,18:34:47,0,0,0,0,0,0,0,0,0,0,168
189,18:34:48,0,0,0,0,0,0,0,0,0,0,168
190,18:34:49,0,0,0,0,0,0,0,0,0,0,168
191,18:34:50,0,0,0,0,0,0,0,0,0,0,168
192,18:34:51,0,0,0,0,0,0,0,0,0,0,168
193,18:34:52,0,0,0,0,0,0,0,0,0,0,168
194,18:34:53,0,0,0,0,0,0,0,0,0,0,168
195,18:34:54,0,0,0,0,0,0,0,0,0,0,168
196,18:34:55,0,0,0,0,0,0,0,0,0,0,168
197,18:34:56,0,0,0,0,0,0,0,0,0,0,168
198,18:34:57,0,0,0,0,0,0,0,0,0,0,168
199,18:34:58,0,0,0,0,0,0,0,0,0,0,168
200,18:34:59,0,0,0,0,0,0,0,0,0,0,168
201,18:35:00,0,0,0,0,0,0,0,0,0,0,168
202,18:35:01,0,0,0,0,0,0,0,0,0,0,168
203,18:35:02,0,0,0,0,0,0,0,0,0,0,168
204,18:35:03,0,0,0,0,0,0,0,0,0,0,168
205,18:35:04,0,0,0,0,0,0,0,0,0,0,168
206,18:35:05,0,0,0,0,0,0,0,0,0,0,168
207,18:35:06,0,0,0,0,0,0,0,0,0,0,168
208,18:35:07,0,0,0,0,0,0,0,0,0,0,168
209,18:35:08,0,0,0,0,0,0,0,0,0,0,168
210,18:35:09,0,0,0,0,0,0,0,0,0,0,168
211,18:35:10,0,0,0,0,0,0,0,0,0,0,168
212,18:35:11,0,0,0,0,0,0,0,0,0,0,168
213,18:35:12,0,0,0,0,0,0,0,0,0,0,168
214,18:35:13,0,0,0,0,0,0,0,0,0,0,168
215,18:35:14,0,0,0,0,0,0,0,0,0,0,168
216,18:35:15,0,0,0,0,0,0,0,0,0,0,168
217,18:35:16,0,0,0,0,0,0,0,0,0,0,168
218,18:35:17,0,0,0,0,0,0,0,0,0,0,168
219,18:35:18,0,0,0,0,0,0,0,0,0,0,168
220,18:35:19,0,0,0,0,0,0,0,0,0,0,168
221,18:35:20,0,0,0,0,0,0,0,0,0,0,168
222,18:35:21,0,0,0,0,0,0,0,0,0,0,168
223,18:35:22,0,0,0,0,0,0,0,0,0,0,168
224,18:35:23,0,0,0,0,0,0,0,0,0,0,168
225,18:35:24,0,0,0,0,0,0,0,0,0,0,168
226,18:35:25,0,0,0,0,0,0,0,0,0,0,168
227,18:35:26,0,0,0,0,0,0,0,0,0,0,168
228,18:35:27,0,0,0,0,0,0,0,0,0,0,168
229,18:35:28,0,0,0,0,0,0,0,0,0,0,168
230,18:35:29,0,0,0,0,0,0,0,0,0,0,168
231,18:35:30,0,0,0,0,0,0,0,0,0,0,168
232,18:35:31,0,0,0,0,0,0,0,0,0,0,168
233,18:35:32,0,0,0,0,0,0,0,0,0,0,168
234,18:35:33,0,0,0,0,0,0,0,0,0,0,168
235,18:35:34,0,0,0,0,0,0,0,0,0,0,168
236,18:35:35,0,0,0,0,0,0,0,0,0,0,168
237,18:35:36,0,0,0,0,0,0,0,0,0,0,168
238,18:35:37,0,0,0,0,0,0,0,0,0,0,168
239,18:35:38,0,0,0,0,0,0,0,0,0,0,168
240,18:35:39,0,0,0,0,0,0,0,0,0,0,168
241,18:35:40,0,0,0,0,0,0,0,0,0,0,168
242,18:35:41,0,0,0,0,0,0,0,0,0,0,168
243,18:35:42,0,0,0,0,0,0,0,0,0,0,168
244,18:35:43,0,0,0,0,0,0,0,0,0,0,168
245,18:35:44,0,0,0,0,0,0,0,0,0,0,168
246,18:35:45,0,0,0,0,0,0,0,0,0,0,168
247,18:35:46,0,0,0,0,0,0,0,0,0,0,168
248,18:35:48,0,0,0,0,0,0,0,0,0,0,168
249,18:35:49,0,0,0,0,0,0,0,0,0,0,168
250,18:35:50,0,0,0,0,0,0,0,0,0,0,168
251,18:35:51,0,0,0,0,0,0,0,0,0,0,168
252,18:35:52,0,0,0,0,0,0,0,0,0,0,168
253,18:35:53,0,0,0,0,0,0,0,0,0,0,168
254,18:35:54,0,0,0,0,0,0,0,0,0,0,168
255,18:35:55,0,0,0,0,0,0,0,0,0,0,168
256,18:35:56,0,0,0,0,0,0,0,0,0,0,168
257,18:35:57,0,0,0,0,0,0,0,0,0,0,168
258,18:35:58,0,0,0,0,0,0,0,0,0,0,168
259,18:35:59,0,0,0,0,0,0,0,0,0,0,168
260,18:36:00,0,0,0,0,0,0,0,0,0,0,168
261,18:36:01,0,0,0,0,0,0,0,0,0,0,168
262,18:36:02,0,0,0,0,0,0,0,0,0,0,168
263,18:36:03,0,0,0,0,0,0,0,0,0,0,168
264,18:36:04,0,0,0,0,0,0,0,0,0,0,168
265,18:36:05,0,0,0,0,0,0,0,0,0,0,168
266,18:36:06,0,0,0,0,0,0,0,0,0,0,168
267,18:36:07,0,0,0,0,0,0,0,0,0,0,168
268,18:36:08,0,0,0,0,0,0,0,0,0,0,168
269,18:36:09,0,0,0,0,0,0,0,0,0,0,168
270,18:36:10,0,0,0,0,0,0,0,0,0,0,168
271,18:36:11,0,0,0,0,0,0,0,0,0,0,168
272,18:36:12,0,0,0,0,0,0,0,0,0,0,168
273,18:36:13,0,0,0,0,0,0,0,0,0,0,168
274,18:36:14,0,0,0,0,0,0,0,0,0,0,168
275,18:36:15,0,0,0,0,0,0,0,0,0,0,168
276,18:36:16,0,0,0,0,0,0,0,0,0,0,168
277,18:36:17,0,0,0,0,0,0,0,0,0,0,168
278,18:36:18,0,0,0,0,0,0,0,0,0,0,168
279,18:36:19,0,0,0,0,0,0,0,0,0,0,168
280,18:36:20,0,0,0,0,0,0,0,0,0,0,168
281,18:36:21,0,0,0,0,0,0,0,0,0,0,168
282,18:36:22,0,0,0,0,0,0,0,0,0,0,168
283,18:36:23,0,0,0,0,0,0,0,0,0,0,168
284,18:36:24,0,0,0,0,0,0,0,0,0,0,168
285,18:36:25,0,0,0,0,0,0,0,0,0,0,168
286,18:36:26,0,0,0,0,0,0,0,0,0,0,168
287,18:36:27,0,0,0,0,0,0,0,0,0,0,168
288,18:36:28,0,0,0,0,0,0,0,0,0,0,168
289,18:36:29,0,0,0,0,0,0,0,0,0,0,168
290,18:36:30,0,0,0,0,0,0,0,0,0,0,168
291,18:36:31,0,0,0,0,0,0,0,0,0,0,168
292,18:36:32,0,0,0,0,0,0,0,0,0,0,168
293,18:36:33,0,0,0,0,0,0,0,0,0,0,168
294,18:36:34,0,0,0,0,0,0,0,0,0,0,168
295,18:36:35,0,0,0,0,0,0,0,0,0,0,168
296,18:36:36,0,0,0,0,0,0,0,0,0,0,168
297,18:36:37,0,0,0,0,0,0,0,0,0,0,168
298,18:36:38,0,0,0,0,0,0,0,0,0,0,168
299,18:36:39,0,0,0,0,0,0,0,0,0,0,168
300,18:36:40,0,0,0,0,0,0,0,0,0,0,168
301,18:36:41,0,0,0,0,0,0,0,0,0,0,168
302,18:36:42,0,0,0,0,0,0,0,0,0,0,168
303,18:36:43,0,0,0,0,0,0,0,0,0,0,168
304,18:36:44,0,0,0,0,0,0,0,0,0,0,168
305,18:36:45,0,0,0,0,0,0,0,0,0,0,168
306,18:36:46,0,0,0,0,0,0,0,0,0,0,168
307,18:36:47,0,0,0,0,0,0,0,0,0,0,168
308,18:36:48,0,0,0,0,0,0,0,0,0,0,168
309,18:36:49,0,0,0,0,0,0,0,0,0,0,168
310,18:36:50,0,0,0,0,0,0,0,0,0,0,168
311,18:36:51,0,0,0,0,0,0,0,0,0,0,168
312,18:36:52,0,0,0,0,0,0,0,0,0,0,168
313,18:36:53,0,0,0,0,0,0,0,0,0,0,168
314,18:36:54,0,0,0,0,0,0,0,0,0,0,168
315,18:36:55,0,0,0,0,0,0,0,0,0,0,168
316,18:36:56,0,0,0,0,0,0,0,0,0,0,168
317,18:36:57,0,0,0,0,0,0,0,0,0,0,168
318,18:36:58,0,0,0,0,0,0,0,0,0,0,168
319,18:36:59,0,0,0,0,0,0,0,0,0,0,168
320,18:37:00,0,0,0,0,0,0,0,0,0,0,168
321,18:37:01,0,0,0,0,0,0,0,0,0,0,168
322,18:37:02,0,0,0,0,0,0,0,0,0,0,168
323,18:37:03,0,0,0,0,0,0,0,0,0,0,168
324,18:37:04,0,0,0,0,0,0,0,0,0,0,168
325,18:37:05,0,0,0,0,0,0,0,0,0,0,168
326,18:37:06,0,0,0,0,0,0,0,0,0,0,168
327,18:37:07,0,0,0,0,0,0,0,0,0,0,168
328,18:37:08,0,0,0,0,0,0,0,0,0,0,168
329,18:37:09,0,0,0,0,0,0,0,0,0,0,168
330,18:37:10,0,0,0,0,0,0,0,0,0,0,168
331,18:37:11,0,0,0,0,0,0,0,0,0,0,168
332,18:37:12,0,0,0,0,0,0,0,0,0,0,168
333,18:37:13,0,0,0,0,0,0,0,0,0,0,168
334,18:37:14,0,0,0,0,0,0,0,0,0,0,168
335,18:37:15,0,0,0,0,0,0,0,0,0,0,168
336,18:37:16,0,0,0,0,0,0,0,0,0,0,168
337,18:37:17,0,0,0,0,0,0,0,0,0,0,168
338,18:37:18,0,0,0,0,0,0,0,0,0,0,168
339,18:37:19,0,0,0,0,0,0,0,0,0,0,168
340,18:37:20,0,0,0,0,0,0,0,0,0,0,168
341,18:37:21,0,0,0,0,0,0,0,0,0,0,168
342,18:37:22,0,0,0,0,0,0,0,0,0,0,168
343,18:37:23,0,0,0,0,0,0,0,0,0,0,168
344,18:37:24,0,0,0,0,0,0,0,0,0,0,168
345,18:37:25,0,0,0,0,0,0,0,0,0,0,168
346,18:37:26,0,0,0,0,0,0,0,0,0,0,168
347,18:37:27,0,0,0,0,0,0,0,0,0,0,168
348,18:37:28,0,0,0,0,0,0,0,0,0,0,168
349,18:37:29,0,0,0,0,0,0,0,0,0,0,168
350,18:37:30,0,0,0,0,0,0,0,0,0,0,168
351,18:37:31,0,0,0,0,0,0,0,0,0,0,168
352,18:37:32,0,0,0,0,0,0,0,0,0,0,168
353,18:37:33,0,0,0,0,0,0,0,0,0,0,168
354,18:37:34,0,0,0,0,0,0,0,0,0,0,168
355,18:37:35,0,0,0,0,0,0,0,0,0,0,168
356,18:37:36,0,0,0,0,0,0,0,0,0,0,168
357,18:37:37,0,0,0,0,0,0,0,0,0,0,168
358,18:37:38,0,0,0,0,0,0,0,0,0,0,168
359,18:37:39,0,0,0,0,0,0,0,0,0,0,168
360,18:37:40,0,0,0,0,0,0,0,0,0,0,168
361,18:37:41,0,0,0,0,0,0,0,0,0,0,168
362,18:37:42,0,0,0,0,0,0,0,0,0,0,168
363,18:37:43,0,0,0,0,0,0,0,0,0,0,168
364,18:37:44,0,0,0,0,0,0,0,0,0,0,168
365,18:37:45,0,0,0,0,0,0,0,0,0,0,168
366,18:37:46,0,0,0,0,0,0,0,0,0,0,168
367,18:37:47,0,0,0,0,0,0,0,0,0,0,168
368,18:37:48,0,0,0,0,0,0,0,0,0,0,168
369,18:37:49,0,0,0,0,0,0,0,0,0,0,168
370,18:37:50,0,0,0,0,0,0,0,0,0,0,168
371,18:37:51,0,0,0,0,0,0,0,0,0,0,168
372,18:37:52,0,0,0,0,0,0,0,0,0,0,168
373,18:37:53,0,0,0,0,0,0,0,0,0,0,168
374,18:37:54,0,0,0,0,0,0,0,0,0,0,168
375,18:37:55,0,0,0,0,0,0,0,0,0,0,168
376,18:37:56,0,0,0,0,0,0,0,0,0,0,168
377,18:37:57,0,0,0,0,0,0,0,0,0,0,168
378,18:37:58,0,0,0,0,0,0,0,0,0,0,168
379,18:37:59,0,0,0,0,0,0,0,0,0,0,168
380,18:38:00,0,0,0,0,0,0,0,0,0,0,168
381,18:38:01,0,0,0,0,0,0,0,0,0,0,168
382,18:38:02,0,0,0,0,0,0,0,0,0,0,168
383,18:38:03,0,0,0,0,0,0,0,0,0,0,168
384,18:38:04,0,0,0,0,0,0,0,0,0,0,168
385,18:38:05,0,0,0,0,0,0,0,0,0,0,168
386,18:38:06,0,0,0,0,0,0,0,0,0,0,168
387,18:38:07,0,0,0,0,0,0,0,0,0,0,168
388,18:38:08,0,0,0,0,0,0,0,0,0,0,168
389,18:38:09,0,0,0,0,0,0,0,0,0,0,168
390,18:38:10,0,0,0,0,0,0,0,0,0,0,168
391,18:38:11,0,0,0,0,0,0,0,0,0,0,168
392,18:38:12,0,0,0,0,0,0,0,0,0,0,168
393,18:38:13,0,0,0,0,0,0,0,0,0,0,168
394,18:38:14,0,0,0,0,0,0,0,0,0,0,168
395,18:38:15,0,0,0,0,0,0,0,0,0,0,168
396,18:38:16,0,0,0,0,0,0,0,0,0,0,168
397,18:38:17,0,0,0,0,0,0,0,0,0,0,168
398,18:38:18,0,0,0,0,0,0,0,0,0,0,168
399,18:38:19,0,0,0,0,0,0,0,0,0,0,168
400,18:38:20,0,0,0,0,0,0,0,0,0,0,168
401,18:38:21,0,0,0,0,0,0,0,0,0,0,168
402,18:38:22,0,0,0,0,0,0,0,0,0,0,168
403,18:38:23,0,0,0,0,0,0,0,0,0,0,168
404,18:38:24,0,0,0,0,0,0,0,0,0,0,168
405,18:38:25,0,0,0,0,0,0,0,0,0,0,168
406,18:38:26,0,0,0,0,0,0,0,0,0,0,168
407,18:38:27,0,0,0,0,0,0,0,0,0,0,168
408,18:38:28,0,0,0,0,0,0,0,0,0,0,168
409,18:38:29,0,0,0,0,0,0,0,0,0,0,168
410,18:38:30,0,0,0,0,0,0,0,0,0,0,168
411,18:38:31,0,0,0,0,0,0,0,0,0,0,168
412,18:38:32,0,0,0,0,0,0,0,0,0,0,168
413,18:38:33,0,0,0,0,0,0,0,0,0,0,168
414,18:38:34,0,0,0,0,0,0,0,0,0,0,168
415,18:38:35,0,0,0,0,0,0,0,0,0,0,168
416,18:38:36,0,0,0,0,0,0,0,0,0,0,168
417,18:38:37,0,0,0,0,0,0,0,0,0,0,168
418,18:38:38,0,0,0,0,0,0,0,0,0,0,168
419,18:38:39,0,0,0,0,0,0,0,0,0,0,168
420,18:38:40,0,0,0,0,0,0,0,0,0,0,168
421,18:38:41,0,0,0,0,0,0,0,0,0,0,168
422,18:38:42,0,0,0,0,0,0,0,0,0,0,168
423,18:38:43,0,0,0,0,0,0,0,0,0,0,168
424,18:38:44,0,0,0,0,0,0,0,0,0,0,168
425,18:38:45,0,0,0,0,0,0,0,0,0,0,168
426,18:38:46,0,0,0,0,0,0,0,0,0,0,168
427,18:38:47,0,0,0,0,0,0,0,0,0,0,168
428,18:38:48,0,0,0,0,0,0,0,0,0,0,168
429,18:38:49,0,0,0,0,0,0,0,0,0,0,168
430,18:38:50,0,0,0,0,0,0,0,0,0,0,168
431,18:38:51,0,0,0,0,0,0,0,0,0,0,168
432,18:38:52,0,0,0,0,0,0,0,0,0,0,168
433,18:38:53,0,0,0,0,0,0,0,0,0,0,168
434,18:38:54,0,0,0,0,0,0,0,0,0,0,168
435,18:38:55,0,0,0,0,0,0,0,0,0,0,168
436,18:38:56,0,0,0,0,0,0,0,0,0,0,168
437,18:38:57,0,0,0,0,0,0,0,0,0,0,168
438,18:38:58,0,0,0,0,0,0,0,0,0,0,168
439,18:38:59,0,0,0,0,0,0,0,0,0,0,168
440,18:39:00,0,0,0,0,0,0,0,0,0,0,168
441,18:39:01,0,0,0,0,0,0,0,0,0,0,168
442,18:39:02,0,0,0,0,0,0,0,0,0,0,168
443,18:39:03,0,0,0,0,0,0,0,0,0,0,168
444,18:39:05,0,0,0,0,0,0,0,0,0,0,168
445,18:39:06,0,0,0,0,0,0,0,0,0,0,168
446,18:39:07,0,0,0,0,0,0,0,0,0,0,168
447,18:39:08,0,0,0,0,0,0,0,0,0,0,168
448,18:39:09,0,0,0,0,0,0,0,0,0,0,168
449,18:39:10,0,0,0,0,0,0,0,0,0,0,168
450,18:39:11,0,0,0,0,0,0,0,0,0,0,168
451,18:39:12,0,0,0,0,0,0,0,0,0,0,168
452,18:39:13,0,0,0,0,0,0,0,0,0,0,168
453,18:39:14,0,0,0,0,0,0,0,0,0,0,168
454,18:39:15,0,0,0,0,0,0,0,0,0,0,168
455,18:39:16,0,0,0,0,0,0,0,0,0,0,168
456,18:39:17,0,0,0,0,0,0,0,0,0,0,168
457,18:39:18,0,0,0,0,0,0,0,0,0,0,168
458,18:39:19,0,0,0,0,0,0,0,0,0,0,168
459,18:39:20,0,0,0,0,0,0,0,0,0,0,168
460,18:39:21,0,0,0,0,0,0,0,0,0,0,168
461,18:39:22,0,0,0,0,0,0,0,0,0,0,168
462,18:39:23,0,0,0,0,0,0,0,0,0,0,168
463,18:39:24,0,0,0,0,0,0,0,0,0,0,168
464,18:39:25,0,0,0,0,0,0,0,0,0,0,168
465,18:39:26,0,0,0,0,0,0,0,0,0,0,168
466,18:39:27,0,0,0,0,0,0,0,0,0,0,168
467,18:39:28,0,0,0,0,0,0,0,0,0,0,168
468,18:39:29,0,0,0,0,0,0,0,0,0,0,168
469,18:39:30,0,0,0,0,0,0,0,0,0,0,168
470,18:39:31,0,0,0,0,0,0,0,0,0,0,168
471,18:39:32,0,0,0,0,0,0,0,0,0,0,168
472,18:39:33,0,0,0,0,0,0,0,0,0,0,168
473,18:39:34,0,0,0,0,0,0,0,0,0,0,168
474,18:39:35,0,0,0,0,0,0,0,0,0,0,168
475,18:39:36,0,0,0,0,0,0,0,0,0,0,168
476,18:39:37,0,0,0,0,0,0,0,0,0,0,168
477,18:39:38,0,0,0,0,0,0,0,0,0,0,168
478,18:39:39,0,0,0,0,0,0,0,0,0,0,168
479,18:39:40,0,0,0,0,0,0,0,0,0,0,168
480,18:39:41,0,0,0,0,0,0,0,0,0,0,168
481,18:39:42,0,0,0,0,0,0,0,0,0,0,168
482,18:39:43,0,0,0,0,0,0,0,0,0,0,168
483,18:39:44,0,0,0,0,0,0,0,0,0,0,168
484,18:39:45,0,0,0,0,0,0,0,0,0,0,168
485,18:39:46,0,0,0,0,0,0,0,0,0,0,168
486,18:39:47,0,0,0,0,0,0,0,0,0,0,168
487,18:39:48,0,0,0,0,0,0,0,0,0,0,168
488,18:39:49,0,0,0,0,0,0,0,0,0,0,168
489,18:39:50,0,0,0,0,0,0,0,0,0,0,168
490,18:39:51,0,0,0,0,0,0,0,0,0,0,168
491,18:39:52,0,0,0,0,0,0,0,0,0,0,168
492,18:39:53,0,0,0,0,0,0,0,0,0,0,168
493,18:39:54,0,0,0,0,0,0,0,0,0,0,168
494,18:39:55,0,0,0,0,0,0,0,0,0,0,168
495,18:39:56,0,0,0,0,0,0,0,0,0,0,168
496,18:39:57,0,0,0,0,0,0,0,0,0,0,168
497,18:39:58,0,0,0,0,0,0,0,0,0,0,168
498,18:39:59,0,0,0,0,0,0,0,0,0,0,168
499,18:40:00,0,0,0,0,0,0,0,0,0,0,168
500,18:40:01,0,0,0,0,0,0,0,0,0,0,168
501,18:40:02,0,0,0,0,0,0,0,0,0,0,168
502,18:40:03,0,0,0,0,0,0,0,0,0,0,168
503,18:40:04,0,0,0,0,0,0,0,0,0,0,168
504,18:40:05,0,0,0,0,0,0,0,0,0,0,168
505,18:40:06,0,0,0,0,0,0,0,0,0,0,168
506,18:40:07,0,0,0,0,0,0,0,0,0,0,168
507,18:40:08,0,0,0,0,0,0,0,0,0,0,168
508,18:40:09,0,0,0,0,0,0,0,0,0,0,168
509,18:40:10,0,0,0,0,0,0,0,0,0,0,168
510,18:40:11,0,0,0,0,0,0,0,0,0,0,168
511,18:40:12,0,0,0,0,0,0,0,0,0,0,168
512,18:40:13,0,0,0,0,0,0,0,0,0,0,168
513,18:40:14,0,0,0,0,0,0,0,0,0,0,168
514,18:40:15,0,0,0,0,0,0,0,0,0,0,168
515,18:40:16,0,0,0,0,0,0,0,0,0,0,168
516,18:40:17,0,0,0,0,0,0,0,0,0,0,168
517,18:40:18,0,0,0,0,0,0,0,0,0,0,168
518,18:40:19,0,0,0,0,0,0,0,0,0,0,168
519,18:40:20,0,0,0,0,0,0,0,0,0,0,168
520,18:40:21,0,0,0,0,0,0,0,0,0,0,168
521,18:40:22,0,0,0,0,0,0,0,0,0,0,168
522,18:40:23,0,0,0,0,0,0,0,0,0,0,168
523,18:40:24,0,0,0,0,0,0,0,0,0,0,168
524,18:40:25,0,0,0,0,0,0,0,0,0,0,168
525,18:40:26,0,0,0,0,0,0,0,0,0,0,168
526,18:40:27,0,0,0,0,0,0,0,0,0,0,168
527,18:40:28,0,0,0,0,0,0,0,0,0,0,168
528,18:40:29,0,0,0,0,0,0,0,0,0,0,168
529,18:40:30,0,0,0,0,0,0,0,0,0,0,168
530,18:40:31,0,0,0,0,0,0,0,0,0,0,168
531,18:40:32,0,0,0,0,0,0,0,0,0,0,168
532,18:40:33,0,0,0,0,0,0,0,0,0,0,168
533,18:40:34,0,0,0,0,0,0,0,0,0,0,168
534,18:40:35,0,0,0,0,0,0,0,0,0,0,168
535,18:40:36,0,0,0,0,0,0,0,0,0,0,168
536,18:40:37,0,0,0,0,0,0,0,0,0,0,168
537,18:40:38,0,0,0,0,0,0,0,0,0,0,168
538,18:40:39,0,0,0,0,0,0,0,0,0,0,168
539,18:40:40,0,0,0,0,0,0,0,0,0,0,168
540,18:40:41,0,0,0,0,0,0,0,0,0,0,168
541,18:40:42,0,0,0,0,0,0,0,0,0,0,168
542,18:40:43,0,0,0,0,0,0,0,0,0,0,168
543,18:40:44,0,0,0,0,0,0,0,0,0,0,168
544,18:40:45,0,0,0,0,0,0,0,0,0,0,168
545,18:40:46,0,0,0,0,0,0,0,0,0,0,168
546,18:40:47,0,0,0,0,0,0,0,0,0,0,168
547,18:40:48,0,0,0,0,0,0,0,0,0,0,168
548,18:40:49,0,0,0,0,0,0,0,0,0,0,168
549,18:40:50,0,0,0,0,0,0,0,0,0,0,168
550,18:40:51,0,0,0,0,0,0,0,0,0,0,168
551,18:40:52,0,0,0,0,0,0,0,0,0,0,168
552,18:40:53,0,0,0,0,0,0,0,0,0,0,168
553,18:40:54,0,0,0,0,0,0,0,0,0,0,168
554,18:40:55,0,0,0,0,0,0,0,0,0,0,168
555,18:40:56,0,0,0,0,0,0,0,0,0,0,168
556,18:40:57,0,0,0,0,0,0,0,0,0,0,168
557,18:40:58,0,0,0,0,0,0,0,0,0,0,168
558,18:40:59,0,0,0,0,0,0,0,0,0,0,168
559,18:41:00,0,0,0,0,0,0,0,0,0,0,168
560,18:41:01,0,0,0,0,0,0,0,0,0,0,168
561,18:41:02,0,0,0,0,0,0,0,0,0,0,168
562,18:41:03,0,0,0,0,0,0,0,0,0,0,168
563,18:41:04,0,0,0,0,0,0,0,0,0,0,168
564,18:41:05,0,0,0,0,0,0,0,0,0,0,168
565,18:41:06,0,0,0,0,0,0,0,0,0,0,168
566,18:41:07,0,0,0,0,0,0,0,0,0,0,168
567,18:41:08,0,0,0,0,0,0,0,0,0,0,168
568,18:41:09,0,0,0,0,0,0,0,0,0,0,168
569,18:41:10,0,0,0,0,0,0,0,0,0,0,168
570,18:41:11,0,0,0,0,0,0,0,0,0,0,168
571,18:41:12,0,0,0,0,0,0,0,0,0,0,168
572,18:41:13,0,0,0,0,0,0,0,0,0,0,168
573,18:41:14,0,0,0,0,0,0,0,0,0,0,168
574,18:41:15,0,0,0,0,0,0,0,0,0,0,168
575,18:41:16,0,0,0,0,0,0,0,0,0,0,168
576,18:41:17,0,0,0,0,0,0,0,0,0,0,168
577,18:41:18,0,0,0,0,0,0,0,0,0,0,168
578,18:41:19,0,0,0,0,0,0,0,0,0,0,168
579,18:41:20,0,0,0,0,0,0,0,0,0,0,168
580,18:41:21,0,0,0,0,0,0,0,0,0,0,168
581,18:41:22,0,0,0,0,0,0,0,0,0,0,168
582,18:41:23,0,0,0,0,0,0,0,0,0,0,168
583,18:41:24,0,0,0,0,0,0,0,0,0,0,168
584,18:41:25,0,0,0,0,0,0,0,0,0,0,168
585,18:41:26,0,0,0,0,0,0,0,0,0,0,168
586,18:41:27,0,0,0,0,0,0,0,0,0,0,168
587,18:41:28,0,0,0,0,0,0,0,0,0,0,168
588,18:41:29,0,0,0,0,0,0,0,0,0,0,168
589,18:41:30,0,0,0,0,0,0,0,0,0,0,168
590,18:41:31,0,0,0,0,0,0,0,0,0,0,168
591,18:41:32,0,0,0,0,0,0,0,0,0,0,168
592,18:41:33,0,0,0,0,0,0,0,0,0,0,168
593,18:41:34,0,0,0,0,0,0,0,0,0,0,168
594,18:41:35,0,0,0,0,0,0,0,0,0,0,168
595,18:41:36,0,0,0,0,0,0,0,0,0,0,168
596,18:41:37,0,0,0,0,0,0,0,0,0,0,168
597,18:41:38,0,0,0,0,0,0,0,0,0,0,168
598,18:41:39,0,0,0,0,0,0,0,0,0,0,168
599,18:41:40,0,0,0,0,0,0,0,0,0,0,168
600,18:41:41,0,0,0,0,0,0,0,0,0,0,168
601,18:41:42,0,0,0,0,0,0,0,0,0,0,168
602,18:41:43,0,0,0,0,0,0,0,0,0,0,168
603,18:41:44,0,0,0,0,0,0,0,0,0,0,168
604,18:41:45,0,0,0,0,0,0,0,0,0,0,168
605,18:41:46,0,0,0,0,0,0,0,0,0,0,168
606,18:41:47,0,0,0,0,0,0,0,0,0,0,168
607,18:41:48,0,0,0,0,0,0,0,0,0,0,168
608,18:41:49,0,0,0,0,0,0,0,0,0,0,168
609,18:41:50,0,0,0,0,0,0,0,0,0,0,168
610,18:41:51,0,0,0,0,0,0,0,0,0,0,168
611,18:41:52,0,0,0,0,0,0,0,0,0,0,168
612,18:41:53,0,0,0,0,0,0,0,0,0,0,168
613,18:41:54,0,0,0,0,0,0,0,0,0,0,168
614,18:41:55,0,0,0,0,0,0,0,0,0,0,168
615,18:41:56,0,0,0,0,0,0,0,0,0,0,168
616,18:41:57,0,0,0,0,0,0,0,0,0,0,168
617,18:41:58,0,0,0,0,0,0,0,0,0,0,168
618,18:41:59,0,0,0,0,0,0,0,0,0,0,168
619,18:42:00,0,0,0,0,0,0,0,0,0,0,168
620,18:42:01,0,0,0,0,0,0,0,0,0,0,168
621,18:42:02,0,0,0,0,0,0,0,0,0,0,168
622,18:42:03,0,0,0,0,0,0,0,0,0,0,168
623,18:42:04,0,0,0,0,0,0,0,0,0,0,168
624,18:42:05,0,0,0,0,0,0,0,0,0,0,168
625,18:42:06,0,0,0,0,0,0,0,0,0,0,168
626,18:42:07,0,0,0,0,0,0,0,0,0,0,168
627,18:42:08,0,0,0,0,0,0,0,0,0,0,168
628,18:42:09,0,0,0,0,0,0,0,0,0,0,168
629,18:42:10,0,0,0,0,0,0,0,0,0,0,168
630,18:42:11,0,0,0,0,0,0,0,0,0,0,168
631,18:42:12,0,0,0,0,0,0,0,0,0,0,168
632,18:42:13,0,0,0,0,0,0,0,0,0,0,168
633,18:42:14,0,0,0,0,0,0,0,0,0,0,168
634,18:42:15,0,0,0,0,0,0,0,0,0,0,168
635,18:42:16,0,0,0,0,0,0,0,0,0,0,168
636,18:42:17,0,0,0,0,0,0,0,0,0,0,168
637,18:42:18,0,0,0,0,0,0,0,0,0,0,168
638,18:42:19,0,0,0,0,0,0,0,0,0,0,168
639,18:42:20,0,0,0,0,0,0,0,0,0,0,168
640,18:42:21,0,0,0,0,0,0,0,0,0,0,168
641,18:42:22,0,0,0,0,0,0,0,0,0,0,168
642,18:42:23,0,0,0,0,0,0,0,0,0,0,168
643,18:42:24,0,0,0,0,0,0,0,0,0,0,168
644,18:42:25,0,0,0,0,0,0,0,0,0,0,168
645,18:42:26,0,0,0,0,0,0,0,0,0,0,168
646,18:42:27,0,0,0,0,0,0,0,0,0,0,168
647,18:42:28,0,0,0,0,0,0,0,0,0,0,168
648,18:42:29,0,0,0,0,0,0,0,0,0,0,168
649,18:42:30,0,0,0,0,0,0,0,0,0,0,168
650,18:42:31,0,0,0,0,0,0,0,0,0,0,168
651,18:42:32,0,0,0,0,0,0,0,0,0,0,168
652,18:42:33,0,0,0,0,0,0,0,0,0,0,168
653,18:42:34,0,0,0,0,0,0,0,0,0,0,168
654,18:42:35,0,0,0,0,0,0,0,0,0,0,168
655,18:42:36,0,0,0,0,0,0,0,0,0,0,168
656,18:42:37,0,0,0,0,0,0,0,0,0,0,168
657,18:42:38,0,0,0,0,0,0,0,0,0,0,168
658,18:42:39,0,0,0,0,0,0,0,0,0,0,168
659,18:42:40,0,0,0,0,0,0,0,0,0,0,168
660,18:42:41,0,0,0,0,0,0,0,0,0,0,168
661,18:42:42,0,0,0,0,0,0,0,0,0,0,168
662,18:42:43,0,0,0,0,0,0,0,0,0,0,168
663,18:42:44,0,0,0,0,0,0,0,0,0,0,168
664,18:42:45,0,0,0,0,0,0,0,0,0,0,168
665,18:42:46,0,0,0,0,0,0,0,0,0,0,168
666,18:42:47,0,0,0,0,0,0,0,0,0,0,168
667,18:42:48,0,0,0,0,0,0,0,0,0,0,168
668,18:42:49,0,0,0,0,0,0,0,0,0,0,168
669,18:42:50,0,0,0,0,0,0,0,0,0,0,168
670,18:42:51,0,0,0,0,0,0,0,0,0,0,168
671,18:42:53,0,0,0,0,0,0,0,0,0,0,168
672,18:42:54,0,0,0,0,0,0,0,0,0,0,168
673,18:42:55,0,0,0,0,0,0,0,0,0,0,168
674,18:42:56,0,0,0,0,0,0,0,0,0,0,168
675,18:42:57,0,0,0,0,0,0,0,0,0,0,168
676,18:42:58,0,0,0,0,0,0,0,0,0,0,168
677,18:42:59,0,0,0,0,0,0,0,0,0,0,168
678,18:43:00,0,0,0,0,0,0,0,0,0,0,168
679,18:43:01,0,0,0,0,0,0,0,0,0,0,168
680,18:43:02,0,0,0,0,0,0,0,0,0,0,168
681,18:43:03,0,0,0,0,0,0,0,0,0,0,168
682,18:43:04,0,0,0,0,0,0,0,0,0,0,168
683,18:43:05,0,0,0,0,0,0,0,0,0,0,168
684,18:43:06,0,0,0,0,0,0,0,0,0,0,168
685,18:43:07,0,0,0,0,0,0,0,0,0,0,168
686,18:43:08,0,0,0,0,0,0,0,0,0,0,168
687,18:43:09,0,0,0,0,0,0,0,0,0,0,168
688,18:43:10,0,0,0,0,0,0,0,0,0,0,168
689,18:43:11,0,0,0,0,0,0,0,0,0,0,168
690,18:43:12,0,0,0,0,0,0,0,0,0,0,168
691,18:43:13,0,0,0,0,0,0,0,0,0,0,168
692,18:43:14,0,0,0,0,0,0,0,0,0,0,168
693,18:43:15,0,0,0,0,0,0,0,0,0,0,168
694,18:43:16,0,0,0,0,0,0,0,0,0,0,168
695,18:43:17,0,0,0,0,0,0,0,0,0,0,168
696,18:43:18,0,0,0,0,0,0,0,0,0,0,168
697,18:43:19,0,0,0,0,0,0,0,0,0,0,168
698,18:43:20,0,0,0,0,0,0,0,0,0,0,168
699,18:43:21,0,0,0,0,0,0,0,0,0,0,168
700,18:43:22,0,0,0,0,0,0,0,0,0,0,168
701,18:43:23,0,0,0,0,0,0,0,0,0,0,168
702,18:43:24,0,0,0,0,0,0,0,0,0,0,168
703,18:43:25,0,0,0,0,0,0,0,0,0,0,168
704,18:43:26,0,0,0,0,0,0,0,0,0,0,168
705,18:43:27,0,0,0,0,0,0,0,0,0,0,168
706,18:43:28,0,0,0,0,0,0,0,0,0,0,168
707,18:43:29,0,0,0,0,0,0,0,0,0,0,168
708,18:43:30,0,0,0,0,0,0,0,0,0,0,168
709,18:43:31,0,0,0,0,0,0,0,0,0,0,168
710,18:43:32,0,0,0,0,0,0,0,0,0,0,168
711,18:43:33,0,0,0,0,0,0,0,0,0,0,168
712,18:43:34,0,0,0,0,0,0,0,0,0,0,168
713,18:43:35,0,0,0,0,0,0,0,0,0,0,168
714,18:43:36,0,0,0,0,0,0,0,0,0,0,168
715,18:43:37,0,0,0,0,0,0,0,0,0,0,168
716,18:43:38,0,0,0,0,0,0,0,0,0,0,168
717,18:43:39,0,0,0,0,0,0,0,0,0,0,168
718,18:43:40,0,0,0,0,0,0,0,0,0,0,168
719,18:43:41,0,0,0,0,0,0,0,0,0,0,168
720,18:43:42,0,0,0,0,0,0,0,0,0,0,168
721,18:43:43,0,0,0,0,0,0,0,0,0,0,168
722,18:43:44,0,0,0,0,0,0,0,0,0,0,168
723,18:43:45,0,0,0,0,0,0,0,0,0,0,168
724,18:43:46,0,0,0,0,0,0,0,0,0,0,168
725,18:43:47,0,0,0,0,0,0,0,0,0,0,168
726,18:43:48,0,0,0,0,0,0,0,0,0,0,168
727,18:43:49,0,0,0,0,0,0,0,0,0,0,168
728,18:43:50,0,0,0,0,0,0,0,0,0,0,168
729,18:43:51,0,0,0,0,0,0,0,0,0,0,168
730,18:43:52,0,0,0,0,0,0,0,0,0,0,168
731,18:43:53,0,0,0,0,0,0,0,0,0,0,168
732,18:43:54,0,0,0,0,0,0,0,0,0,0,168
733,18:43:55,0,0,0,0,0,0,0,0,0,0,168
734,18:43:56,0,0,0,0,0,0,0,0,0,0,168
735,18:43:57,0,0,0,0,0,0,0,0,0,0,168
736,18:43:58,0,0,0,0,0,0,0,0,0,0,168
737,18:43:59,0,0,0,0,0,0,0,0,0,0,168
738,18:44:00,0,0,0,0,0,0,0,0,0,0,168
739,18:44:01,0,0,0,0,0,0,0,0,0,0,168
740,18:44:02,0,0,0,0,0,0,0,0,0,0,168
741,18:44:03,0,0,0,0,0,0,0,0,0,0,168
742,18:44:04,0,0,0,0,0,0,0,0,0,0,168
743,18:44:05,0,0,0,0,0,0,0,0,0,0,168
744,18:44:06,0,0,0,0,0,0,0,0,0,0,168
745,18:44:07,0,0,0,0,0,0,0,0,0,0,168
746,18:44:08,0,0,0,0,0,0,0,0,0,0,168
747,18:44:09,0,0,0,0,0,0,0,0,0,0,168
748,18:44:10,0,0,0,0,0,0,0,0,0,0,168
749,18:44:11,0,0,0,0,0,0,0,0,0,0,168
750,18:44:12,0,0,0,0,0,0,0,0,0,0,168
751,18:44:13,0,0,0,0,0,0,0,0,0,0,168
752,18:44:14,0,0,0,0,0,0,0,0,0,0,168
753,18:44:15,0,0,0,0,0,0,0,0,0,0,168
754,18:44:16,0,0,0,0,0,0,0,0,0,0,168
755,18:44:17,0,0,0,0,0,0,0,0,0,0,168
756,18:44:18,0,0,0,0,0,0,0,0,0,0,168
757,18:44:19,0,0,0,0,0,0,0,0,0,0,168
758,18:44:20,0,0,0,0,0,0,0,0,0,0,168
759,18:44:21,0,0,0,0,0,0,0,0,0,0,168
760,18:44:22,0,0,0,0,0,0,0,0,0,0,168
761,18:44:23,0,0,0,0,0,0,0,0,0,0,168
762,18:44:24,0,0,0,0,0,0,0,0,0,0,168
763,18:44:25,0,0,0,0,0,0,0,0,0,0,168
764,18:44:26,0,0,0,0,0,0,0,0,0,0,168
765,18:44:27,0,0,0,0,0,0,0,0,0,0,168
766,18:44:28,0,0,0,0,0,0,0,0,0,0,168
767,18:44:29,0,0,0,0,0,0,0,0,0,0,168
768,18:44:30,0,0,0,0,0,0,0,0,0,0,168
769,18:44:31,0,0,0,0,0,0,0,0,0,0,168
770,18:44:32,0,0,0,0,0,0,0,0,0,0,168
771,18:44:33,0,0,0,0,0,0,0,0,0,0,168
772,18:44:34,0,0,0,0,0,0,0,0,0,0,168
773,18:44:35,0,0,0,0,0,0,0,0,0,0,168
774,18:44:36,0,0,0,0,0,0,0,0,0,0,168
775,18:44:37,0,0,0,0,0,0,0,0,0,0,168
776,18:44:38,0,0,0,0,0,0,0,0,0,0,168
777,18:44:39,0,0,0,0,0,0,0,0,0,0,168
778,18:44:40,0,0,0,0,0,0,0,0,0,0,168
779,18:44:41,0,0,0,0,0,0,0,0,0,0,168
780,18:44:42,0,0,0,0,0,0,0,0,0,0,168
781,18:44:43,0,0,0,0,0,0,0,0,0,0,168
782,18:44:44,0,0,0,0,0,0,0,0,0,0,168
783,18:44:45,0,0,0,0,0,0,0,0,0,0,168
784,18:44:46,0,0,0,0,0,0,0,0,0,0,168
785,18:44:47,0,0,0,0,0,0,0,0,0,0,168
786,18:44:48,0,0,0,0,0,0,0,0,0,0,168
787,18:44:49,0,0,0,0,0,0,0,0,0,0,168
788,18:44:50,0,0,0,0,0,0,0,0,0,0,168
789,18:44:51,0,0,0,0,0,0,0,0,0,0,168
790,18:44:52,0,0,0,0,0,0,0,0,0,0,168
791,18:44:53,0,0,0,0,0,0,0,0,0,0,168
792,18:44:54,0,0,0,0,0,0,0,0,0,0,168
793,18:44:55,0,0,0,0,0,0,0,0,0,0,168
794,18:44:56,0,0,0,0,0,0,0,0,0,0,168
795,18:44:57,0,0,0,0,0,0,0,0,0,0,168
796,18:44:58,0,0,0,0,0,0,0,0,0,0,168
797,18:44:59,0,0,0,0,0,0,0,0,0,0,168
798,18:45:00,0,0,0,0,0,0,0,0,0,0,168
799,18:45:01,0,0,0,0,0,0,0,0,0,0,168
800,18:45:02,0,0,0,0,0,0,0,0,0,0,168
801,18:45:03,0,0,0,0,0,0,0,0,0,0,168
802,18:45:04,0,0,0,0,0,0,0,0,0,0,168
803,18:45:05,0,0,0,0,0,0,0,0,0,0,168
804,18:45:06,0,0,0,0,0,0,0,0,0,0,168
805,18:45:07,0,0,0,0,0,0,0,0,0,0,168
806,18:45:08,0,0,0,0,0,0,0,0,0,0,168
807,18:45:09,0,0,0,0,0,0,0,0,0,0,168
808,18:45:10,0,0,0,0,0,0,0,0,0,0,168
809,18:45:11,0,0,0,0,0,0,0,0,0,0,168
810,18:45:12,0,0,0,0,0,0,0,0,0,0,168
811,18:45:13,0,0,0,0,0,0,0,0,0,0,168
812,18:45:14,0,0,0,0,0,0,0,0,0,0,168
813,18:45:15,0,0,0,0,0,0,0,0,0,0,168
814,18:45:16,0,0,0,0,0,0,0,0,0,0,168
815,18:45:17,0,0,0,0,0,0,0,0,0,0,168
816,18:45:18,0,0,0,0,0,0,0,0,0,0,168
817,18:45:19,0,0,0,0,0,0,0,0,0,0,168
818,18:45:20,0,0,0,0,0,0,0,0,0,0,168
819,18:45:21,0,0,0,0,0,0,0,0,0,0,168
820,18:45:22,0,0,0,0,0,0,0,0,0,0,168
821,18:45:23,0,0,0,0,0,0,0,0,0,0,168
822,18:45:24,0,0,0,0,0,0,0,0,0,0,168
823,18:45:25,0,0,0,0,0,0,0,0,0,0,168
824,18:45:26,0,0,0,0,0,0,0,0,0,0,168
825,18:45:27,0,0,0,0,0,0,0,0,0,0,168
826,18:45:28,0,0,0,0,0,0,0,0,0,0,168
827,18:45:29,0,0,0,0,0,0,0,0,0,0,168
828,18:45:30,0,0,0,0,0,0,0,0,0,0,168
829,18:45:31,0,0,0,0,0,0,0,0,0,0,168
830,18:45:32,0,0,0,0,0,0,0,0,0,0,168
831,18:45:33,0,0,0,0,0,0,0,0,0,0,168
832,18:45:34,0,0,0,0,0,0,0,0,0,0,168
833,18:45:35,0,0,0,0,0,0,0,0,0,0,168
834,18:45:36,0,0,0,0,0,0,0,0,0,0,168
835,18:45:37,0,0,0,0,0,0,0,0,0,0,168
836,18:45:38,0,0,0,0,0,0,0,0,0,0,168
837,18:45:39,0,0,0,0,0,0,0,0,0,0,168
838,18:45:40,0,0,0,0,0,0,0,0,0,0,168
839,18:45:41,0,0,0,0,0,0,0,0,0,0,168
840,18:45:42,0,0,0,0,0,0,0,0,0,0,168
841,18:45:43,0,0,0,0,0,0,0,0,0,0,168
842,18:45:44,0,0,0,0,0,0,0,0,0,0,168
843,18:45:45,0,0,0,0,0,0,0,0,0,0,168
844,18:45:46,0,0,0,0,0,0,0,0,0,0,168
845,18:45:47,0,0,0,0,0,0,0,0,0,0,168
846,18:45:48,0,0,0,0,0,0,0,0,0,0,168
847,18:45:49,0,0,0,0,0,0,0,0,0,0,168
848,18:45:50,0,0,0,0,0,0,0,0,0,0,168
849,18:45:51,0,0,0,0,0,0,0,0,0,0,168
850,18:45:52,0,0,0,0,0,0,0,0,0,0,168
851,18:45:53,0,0,0,0,0,0,0,0,0,0,168
852,18:45:54,0,0,0,0,0,0,0,0,0,0,168
853,18:45:55,0,0,0,0,0,0,0,0,0,0,168
854,18:45:56,0,0,0,0,0,0,0,0,0,0,168
855,18:45:57,0,0,0,0,0,0,0,0,0,0,168
856,18:45:58,0,0,0,0,0,0,0,0,0,0,168
857,18:45:59,0,0,0,0,0,0,0,0,0,0,168
858,18:46:00,0,0,0,0,0,0,0,0,0,0,168
859,18:46:01,0,0,0,0,0,0,0,0,0,0,168
860,18:46:02,0,0,0,0,0,0,0,0,0,0,168
861,18:46:03,0,0,0,0,0,0,0,0,0,0,168
862,18:46:04,0,0,0,0,0,0,0,0,0,0,168
863,18:46:05,0,0,0,0,0,0,0,0,0,0,168
864,18:46:06,0,0,0,0,0,0,0,0,0,0,168
865,18:46:07,0,0,0,0,0,0,0,0,0,0,168
866,18:46:08,0,0,0,0,0,0,0,0,0,0,168
867,18:46:09,0,0,0,0,0,0,0,0,0,0,168
868,18:46:10,0,0,0,0,0,0,0,0,0,0,168
869,18:46:11,0,0,0,0,0,0,0,0,0,0,168
870,18:46:12,0,0,0,0,0,0,0,0,0,0,168
871,18:46:13,0,0,0,0,0,0,0,0,0,0,168
872,18:46:14,0,0,0,0,0,0,0,0,0,0,168
873,18:46:15,0,0,0,0,0,0,0,0,0,0,168
874,18:46:17,0,0,0,0,0,0,0,0,0,0,168
875,18:46:18,0,0,0,0,0,0,0,0,0,0,168
876,18:46:19,0,0,0,0,0,0,0,0,0,0,168
877,18:46:20,0,0,0,0,0,0,0,0,0,0,168
878,18:46:21,0,0,0,0,0,0,0,0,0,0,168
879,18:46:22,0,0,0,0,0,0,0,0,0,0,168
880,18:46:23,0,0,0,0,0,0,0,0,0,0,168
881,18:46:24,0,0,0,0,0,0,0,0,0,0,168
882,18:46:25,0,0,0,0,0,0,0,0,0,0,168
883,18:46:26,0,0,0,0,0,0,0,0,0,0,168
884,18:46:27,0,0,0,0,0,0,0,0,0,0,168
885,18:46:28,0,0,0,0,0,0,0,0,0,0,168
886,18:46:29,0,0,0,0,0,0,0,0,0,0,168
887,18:46:30,0,0,0,0,0,0,0,0,0,0,168
888,18:46:31,0,0,0,0,0,0,0,0,0,0,168
889,18:46:32,0,0,0,0,0,0,0,0,0,0,168
890,18:46:33,0,0,0,0,0,0,0,0,0,0,168
891,18:46:34,0,0,0,0,0,0,0,0,0,0,168
892,18:46:35,0,0,0,0,0,0,0,0,0,0,168
893,18:46:36,0,0,0,0,0,0,0,0,0,0,168
894,18:46:37,0,0,0,0,0,0,0,0,0,0,168
895,18:46:38,0,0,0,0,0,0,0,0,0,0,168
896,18:46:39,0,0,0,0,0,0,0,0,0,0,168
897,18:46:40,0,0,0,0,0,0,0,0,0,0,168
898,18:46:41,0,0,0,0,0,0,0,0,0,0,168
899,18:46:42,0,0,0,0,0,0,0,0,0,0,168
900,18:46:43,0,0,0,0,0,0,0,0,0,0,168
901,18:46:44,0,0,0,0,0,0,0,0,0,0,168
902,18:46:45,0,0,0,0,0,0,0,0,0,0,168
903,18:46:46,0,0,0,0,0,0,0,0,0,0,168
904,18:46:47,0,0,0,0,0,0,0,0,0,0,168
905,18:46:48,0,0,0,0,0,0,0,0,0,0,168
906,18:46:49,0,0,0,0,0,0,0,0,0,0,168
907,18:46:50,0,0,0,0,0,0,0,0,0,0,168
908,18:46:51,0,0,0,0,0,0,0,0,0,0,168
909,18:46:52,0,0,0,0,0,0,0,0,0,0,168
910,18:46:53,0,0,0,0,0,0,0,0,0,0,168
911,18:46:54,0,0,0,0,0,0,0,0,0,0,168
912,18:46:55,0,0,0,0,0,0,0,0,0,0,168
913,18:46:56,0,0,0,0,0,0,0,0,0,0,168
914,18:46:57,0,0,0,0,0,0,0,0,0,0,168
915,18:46:58,0,0,0,0,0,0,0,0,0,0,168
916,18:46:59,0,0,0,0,0,0,0,0,0,0,168
917,18:47:00,0,0,0,0,0,0,0,0,0,0,168
918,18:47:01,0,0,0,0,0,0,0,0,0,0,168
919,18:47:02,0,0,0,0,0,0,0,0,0,0,168
920,18:47:03,0,0,0,0,0,0,0,0,0,0,168
921,18:47:04,0,0,0,0,0,0,0,0,0,0,168
922,18:47:05,0,0,0,0,0,0,0,0,0,0,168
923,18:47:06,0,0,0,0,0,0,0,0,0,0,168
924,18:47:07,0,0,0,0,0,0,0,0,0,0,168
925,18:47:08,0,0,0,0,0,0,0,0,0,0,168
926,18:47:09,0,0,0,0,0,0,0,0,0,0,168
927,18:47:10,0,0,0,0,0,0,0,0,0,0,168
928,18:47:11,0,0,0,0,0,0,0,0,0,0,168
929,18:47:12,0,0,0,0,0,0,0,0,0,0,168
930,18:47:13,0,0,0,0,0,0,0,0,0,0,168
931,18:47:14,0,0,0,0,0,0,0,0,0,0,168
932,18:47:15,0,0,0,0,0,0,0,0,0,0,168
933,18:47:16,0,0,0,0,0,0,0,0,0,0,168
934,18:47:17,0,0,0,0,0,0,0,0,0,0,168
935,18:47:18,0,0,0,0,0,0,0,0,0,0,168
936,18:47:19,0,0,0,0,0,0,0,0,0,0,168
937,18:47:20,0,0,0,0,0,0,0,0,0,0,168
938,18:47:21,0,0,0,0,0,0,0,0,0,0,168
939,18:47:22,0,0,0,0,0,0,0,0,0,0,168
940,18:47:23,0,0,0,0,0,0,0,0,0,0,168
941,18:47:24,0,0,0,0,0,0,0,0,0,0,168
942,18:47:25,0,0,0,0,0,0,0,0,0,0,168
943,18:47:26,0,0,0,0,0,0,0,0,0,0,168
944,18:47:27,0,0,0,0,0,0,0,0,0,0,168
945,18:47:28,0,0,0,0,0,0,0,0,0,0,168
946,18:47:29,0,0,0,0,0,0,0,0,0,0,168
947,18:47:30,0,0,0,0,0,0,0,0,0,0,168
948,18:47:31,0,0,0,0,0,0,0,0,0,0,168
949,18:47:32,0,0,0,0,0,0,0,0,0,0,168
950,18:47:33,0,0,0,0,0,0,0,0,0,0,168
951,18:47:34,0,0,0,0,0,0,0,0,0,0,168
952,18:47:35,0,0,0,0,0,0,0,0,0,0,168
953,18:47:36,0,0,0,0,0,0,0,0,0,0,168
954,18:47:37,0,0,0,0,0,0,0,0,0,0,168
955,18:47:38,0,0,0,0,0,0,0,0,0,0,168
956,18:47:39,0,0,0,0,0,0,0,0,0,0,168
957,18:47:40,0,0,0,0,0,0,0,0,0,0,168
958,18:47:41,0,0,0,0,0,0,0,0,0,0,168
959,18:47:42,0,0,0,0,0,0,0,0,0,0,168
960,18:47:43,0,0,0,0,0,0,0,0,0,0,168
961,18:47:44,0,0,0,0,0,0,0,0,0,0,168
962,18:47:45,0,0,0,0,0,0,0,0,0,0,168
963,18:47:46,0,0,0,0,0,0,0,0,0,0,168
964,18:47:47,0,0,0,0,0,0,0,0,0,0,168
965,18:47:48,0,0,0,0,0,0,0,0,0,0,168
966,18:47:49,0,0,0,0,0,0,0,0,0,0,168
967,18:47:50,0,0,0,0,0,0,0,0,0,0,168
968,18:47:51,0,0,0,0,0,0,0,0,0,0,168
969,18:47:52,0,0,0,0,0,0,0,0,0,0,168
970,18:47:53,0,0,0,0,0,0,0,0,0,0,168
971,18:47:54,0,0,0,0,0,0,0,0,0,0,168
972,18:47:55,0,0,0,0,0,0,0,0,0,0,168
973,18:47:56,0,0,0,0,0,0,0,0,0,0,168
974,18:47:57,0,0,0,0,0,0,0,0,0,0,168
975,18:47:58,0,0,0,0,0,0,0,0,0,0,168
976,18:47:59,0,0,0,0,0,0,0,0,0,0,168
977,18:48:00,0,0,0,0,0,0,0,0,0,0,168
978,18:48:01,0,0,0,0,0,0,0,0,0,0,168
979,18:48:02,0,0,0,0,0,0,0,0,0,0,168
980,18:48:03,0,0,0,0,0,0,0,0,0,0,168
981,18:48:04,0,0,0,0,0,0,0,0,0,0,168
982,18:48:05,0,0,0,0,0,0,0,0,0,0,168
983,18:48:06,0,0,0,0,0,0,0,0,0,0,168
984,18:48:07,0,0,0,0,0,0,0,0,0,0,168
985,18:48:08,0,0,0,0,0,0,0,0,0,0,168
986,18:48:09,0,0,0,0,0,0,0,0,0,0,168
987,18:48:10,0,0,0,0,0,0,0,0,0,0,168
988,18:48:11,0,0,0,0,0,0,0,0,0,0,168
989,18:48:12,0,0,0,0,0,0,0,0,0,0,168
990,18:48:13,0,0,0,0,0,0,0,0,0,0,168
991,18:48:14,0,0,0,0,0,0,0,0,0,0,168
992,18:48:15,0,0,0,0,0,0,0,0,0,0,168
993,18:48:16,0,0,0,0,0,0,0,0,0,0,168
994,18:48:17,0,0,0,0,0,0,0,0,0,0,168
995,18:48:18,0,0,0,0,0,0,0,0,0,0,168
996,18:48:19,0,0,0,0,0,0,0,0,0,0,168
997,18:48:20,0,0,0,0,0,0,0,0,0,0,168
998,18:48:21,0,0,0,0,0,0,0,0,0,0,168
999,18:48:22,0,0,0,0,0,0,0,0,0,0,168
1000,18:48:23,0,0,0,0,0,0,0,0,0,0,168
1001,18:48:24,0,0,0,0,0,0,0,0,0,0,168
1002,18:48:25,0,0,0,0,0,0,0,0,0,0,168
1003,18:48:26,0,0,0,0,0,0,0,0,0,0,168
1004,18:48:27,0,0,0,0,0,0,0,0,0,0,168
1005,18:48:28,0,0,0,0,0,0,0,0,0,0,168
1006,18:48:29,0,0,0,0,0,0,0,0,0,0,168
1007,18:48:30,0,0,0,0,0,0,0,0,0,0,168
1008,18:48:31,0,0,0,0,0,0,0,0,0,0,168
1009,18:48:32,0,0,0,0,0,0,0,0,0,0,168
1010,18:48:33,0,0,0,0,0,0,0,0,0,0,168
1011,18:48:34,0,0,0,0,0,0,0,0,0,0,168
1012,18:48:35,0,0,0,0,0,0,0,0,0,0,168
1013,18:48:36,0,0,0,0,0,0,0,0,0,0,168
1014,18:48:37,0,0,0,0,0,0,0,0,0,0,168
1015,18:48:38,0,0,0,0,0,0,0,0,0,0,168
1016,18:48:39,0,0,0,0,0,0,0,0,0,0,168
1017,18:48:40,0,0,0,0,0,0,0,0,0,0,168
1018,18:48:41,0,0,0,0,0,0,0,0,0,0,168
1019,18:48:42,0,0,0,0,0,0,0,0,0,0,168
1020,18:48:43,0,0,0,0,0,0,0,0,0,0,168
1021,18:48:44,0,0,0,0,0,0,0,0,0,0,168
1022,18:48:45,0,0,0,0,0,0,0,0,0,0,168
1023,18:48:46,0,0,0,0,0,0,0,0,0,0,168
1024,18:48:47,0,0,0,0,0,0,0,0,0,0,168
1025,18:48:48,0,0,0,0,0,0,0,0,0,0,168
1026,18:48:49,0,0,0,0,0,0,0,0,0,0,168
1027,18:48:50,0,0,0,0,0,0,0,0,0,0,168
1028,18:48:51,0,0,0,0,0,0,0,0,0,0,168
1029,18:48:52,0,0,0,0,0,0,0,0,0,0,168
1030,18:48:53,0,0,0,0,0,0,0,0,0,0,168
1031,18:48:54,0,0,0,0,0,0,0,0,0,0,168
1032,18:48:55,0,0,0,0,0,0,0,0,0,0,168
1033,18:48:56,0,0,0,0,0,0,0,0,0,0,168
1034,18:48:57,0,0,0,0,0,0,0,0,0,0,168
1035,18:48:58,0,0,0,0,0,0,0,0,0,0,168
1036,18:48:59,0,0,0,0,0,0,0,0,0,0,168
1037,18:49:00,0,0,0,0,0,0,0,0,0,0,168
1038,18:49:01,0,0,0,0,0,0,0,0,0,0,168
1039,18:49:02,0,0,0,0,0,0,0,0,0,0,168
1040,18:49:03,0,0,0,0,0,0,0,0,0,0,168
1041,18:49:04,0,0,0,0,0,0,0,0,0,0,168
1042,18:49:05,0,0,0,0,0,0,0,0,0,0,168
1043,18:49:06,0,0,0,0,0,0,0,0,0,0,168
1044,18:49:07,0,0,0,0,0,0,0,0,0,0,168
1045,18:49:08,0,0,0,0,0,0,0,0,0,0,168
1046,18:49:09,0,0,0,0,0,0,0,0,0,0,168
1047,18:49:10,0,0,0,0,0,0,0,0,0,0,168
1048,18:49:11,0,0,0,0,0,0,0,0,0,0,168
1049,18:49:12,0,0,0,0,0,0,0,0,0,0,168
1050,18:49:13,0,0,0,0,0,0,0,0,0,0,168
1051,18:49:14,0,0,0,0,0,0,0,0,0,0,168
1052,18:49:15,0,0,0,0,0,0,0,0,0,0,168
1053,18:49:16,0,0,0,0,0,0,0,0,0,0,168
1054,18:49:17,0,0,0,0,0,0,0,0,0,0,168
1055,18:49:18,0,0,0,0,0,0,0,0,0,0,168
1056,18:49:19,0,0,0,0,0,0,0,0,0,0,168
1057,18:49:20,0,0,0,0,0,0,0,0,0,0,168
1058,18:49:21,0,0,0,0,0,0,0,0,0,0,168
1059,18:49:22,0,0,0,0,0,0,0,0,0,0,168
1060,18:49:23,0,0,0,0,0,0,0,0,0,0,168
1061,18:49:24,0,0,0,0,0,0,0,0,0,0,168
1062,18:49:25,0,0,0,0,0,0,0,0,0,0,168
1063,18:49:26,0,0,0,0,0,0,0,0,0,0,168
1064,18:49:27,0,0,0,0,0,0,0,0,0,0,168
1065,18:49:28,0,0,0,0,0,0,0,0,0,0,168
1066,18:49:29,0,0,0,0,0,0,0,0,0,0,168
1067,18:49:30,0,0,0,0,0,0,0,0,0,0,168
1068,18:49:31,0,0,0,0,0,0,0,0,0,0,168
1069,18:49:32,0,0,0,0,0,0,0,0,0,0,168
1070,18:49:33,0,0,0,0,0,0,0,0,0,0,168
1071,18:49:34,0,0,0,0,0,0,0,0,0,0,168
1072,18:49:35,0,0,0,0,0,0,0,0,0,0,168
1073,18:49:36,0,0,0,0,0,0,0,0,0,0,168
1074,18:49:38,0,0,0,0,0,0,0,0,0,0,168
1075,18:49:39,0,0,0,0,0,0,0,0,0,0,168
1076,18:49:40,0,0,0,0,0,0,0,0,0,0,168
1077,18:49:41,0,0,0,0,0,0,0,0,0,0,168
1078,18:49:42,0,0,0,0,0,0,0,0,0,0,168
1079,18:49:43,0,0,0,0,0,0,0,0,0,0,168
1080,18:49:44,0,0,0,0,0,0,0,0,0,0,168
1081,18:49:45,0,0,0,0,0,0,0,0,0,0,168
1082,18:49:46,0,0,0,0,0,0,0,0,0,0,168
1083,18:49:47,0,0,0,0,0,0,0,0,0,0,168
1084,18:49:48,0,0,0,0,0,0,0,0,0,0,168
1085,18:49:49,0,0,0,0,0,0,0,0,0,0,168
1086,18:49:50,0,0,0,0,0,0,0,0,0,0,168
1087,18:49:51,0,0,0,0,0,0,0,0,0,0,168
1088,18:49:52,0,0,0,0,0,0,0,0,0,0,168
1089,18:49:53,0,0,0,0,0,0,0,0,0,0,168
1090,18:49:54,0,0,0,0,0,0,0,0,0,0,168
1091,18:49:55,0,0,0,0,0,0,0,0,0,0,168
1092,18:49:56,0,0,0,0,0,0,0,0,0,0,168
1093,18:49:57,0,0,0,0,0,0,0,0,0,0,168
1094,18:49:58,0,0,0,0,0,0,0,0,0,0,168
1095,18:49:59,0,0,0,0,0,0,0,0,0,0,168
1096,18:50:00,0,0,0,0,0,0,0,0,0,0,168
1097,18:50:01,0,0,0,0,0,0,0,0,0,0,168
1098,18:50:02,0,0,0,0,0,0,0,0,0,0,168
1099,18:50:03,0,0,0,0,0,0,0,0,0,0,168
1100,18:50:04,0,0,0,0,0,0,0,0,0,0,168
1101,18:50:05,0,0,0,0,0,0,0,0,0,0,168
1102,18:50:06,0,0,0,0,0,0,0,0,0,0,168
1103,18:50:07,0,0,0,0,0,0,0,0,0,0,168
1104,18:50:08,0,0,0,0,0,0,0,0,0,0,168
1105,18:50:09,0,0,0,0,0,0,0,0,0,0,168
1106,18:50:10,0,0,0,0,0,0,0,0,0,0,168
1107,18:50:11,0,0,0,0,0,0,0,0,0,0,168
1108,18:50:12,0,0,0,0,0,0,0,0,0,0,168
1109,18:50:13,0,0,0,0,0,0,0,0,0,0,168
1110,18:50:14,0,0,0,0,0,0,0,0,0,0,168
1111,18:50:15,0,0,0,0,0,0,0,0,0,0,168
1112,18:50:16,0,0,0,0,0,0,0,0,0,0,168
1113,18:50:17,0,0,0,0,0,0,0,0,0,0,168
1114,18:50:18,0,0,0,0,0,0,0,0,0,0,168
1115,18:50:19,0,0,0,0,0,0,0,0,0,0,168
1116,18:50:20,0,0,0,0,0,0,0,0,0,0,168
1117,18:50:21,0,0,0,0,0,0,0,0,0,0,168
1118,18:50:22,0,0,0,0,0,0,0,0,0,0,168
1119,18:50:23,0,0,0,0,0,0,0,0,0,0,168
1120,18:50:24,0,0,0,0,0,0,0,0,0,0,168
1121,18:50:25,0,0,0,0,0,0,0,0,0,0,168
1122,18:50:26,0,0,0,0,0,0,0,0,0,0,168
1123,18:50:27,0,0,0,0,0,0,0,0,0,0,168
1124,18:50:28,0,0,0,0,0,0,0,0,0,0,168
1125,18:50:29,0,0,0,0,0,0,0,0,0,0,168
1126,18:50:30,0,0,0,0,0,0,0,0,0,0,168
1127,18:50:31,0,0,0,0,0,0,0,0,0,0,168
1128,18:50:32,0,0,0,0,0,0,0,0,0,0,168
1129,18:50:33,0,0,0,0,0,0,0,0,0,0,168
1130,18:50:34,0,0,0,0,0,0,0,0,0,0,168
1131,18:50:35,0,0,0,0,0,0,0,0,0,0,168
1132,18:50:36,0,0,0,0,0,0,0,0,0,0,168
1133,18:50:37,0,0,0,0,0,0,0,0,0,0,168
1134,18:50:38,0,0,0,0,0,0,0,0,0,0,168
1135,18:50:39,0,0,0,0,0,0,0,0,0,0,168
1136,18:50:40,0,0,0,0,0,0,0,0,0,0,168
1137,18:50:41,0,0,0,0,0,0,0,0,0,0,168
1138,18:50:42,0,0,0,0,0,0,0,0,0,0,168
1139,18:50:43,0,0,0,0,0,0,0,0,0,0,168
1140,18:50:44,0,0,0,0,0,0,0,0,0,0,168
1141,18:50:45,0,0,0,0,0,0,0,0,0,0,168
1142,18:50:46,0,0,0,0,0,0,0,0,0,0,168
1143,18:50:47,0,0,0,0,0,0,0,0,0,0,168
1144,18:50:48,0,0,0,0,0,0,0,0,0,0,168
1145,18:50:49,0,0,0,0,0,0,0,0,0,0,168
1146,18:50:50,0,0,0,0,0,0,0,0,0,0,168
1147,18:50:51,0,0,0,0,0,0,0,0,0,0,168
1148,18:50:52,0,0,0,0,0,0,0,0,0,0,168
1149,18:50:53,0,0,0,0,0,0,0,0,0,0,168
1150,18:50:54,0,0,0,0,0,0,0,0,0,0,168
1151,18:50:55,0,0,0,0,0,0,0,0,0,0,168
1152,18:50:56,0,0,0,0,0,0,0,0,0,0,168
1153,18:50:57,0,0,0,0,0,0,0,0,0,0,168
1154,18:50:58,0,0,0,0,0,0,0,0,0,0,168
1155,18:50:59,0,0,0,0,0,0,0,0,0,0,168
1156,18:51:00,0,0,0,0,0,0,0,0,0,0,168
1157,18:51:01,0,0,0,0,0,0,0,0,0,0,168
1158,18:51:02,0,0,0,0,0,0,0,0,0,0,168
1159,18:51:03,0,0,0,0,0,0,0,0,0,0,168
1160,18:51:04,0,0,0,0,0,0,0,0,0,0,168
1161,18:51:05,0,0,0,0,0,0,0,0,0,0,168
1162,18:51:06,0,0,0,0,0,0,0,0,0,0,168
1163,18:51:07,0,0,0,0,0,0,0,0,0,0,168
1164,18:51:08,0,0,0,0,0,0,0,0,0,0,168
1165,18:51:09,0,0,0,0,0,0,0,0,0,0,168
1166,18:51:10,0,0,0,0,0,0,0,0,0,0,168
1167,18:51:11,0,0,0,0,0,0,0,0,0,0,168
1168,18:51:12,0,0,0,0,0,0,0,0,0,0,168
1169,18:51:13,0,0,0,0,0,0,0,0,0,0,168
1170,18:51:14,0,0,0,0,0,0,0,0,0,0,168
1171,18:51:15,0,0,0,0,0,0,0,0,0,0,168
1172,18:51:16,0,0,0,0,0,0,0,0,0,0,168
1173,18:51:17,0,0,0,0,0,0,0,0,0,0,168
1174,18:51:18,0,0,0,0,0,0,0,0,0,0,168
1175,18:51:19,0,0,0,0,0,0,0,0,0,0,168
1176,18:51:20,0,0,0,0,0,0,0,0,0,0,168
1177,18:51:21,0,0,0,0,0,0,0,0,0,0,168
1178,18:51:22,0,0,0,0,0,0,0,0,0,0,168
1179,18:51:23,0,0,0,0,0,0,0,0,0,0,168
1180,18:51:24,0,0,0,0,0,0,0,0,0,0,168
1181,18:51:25,0,0,0,0,0,0,0,0,0,0,168
1182,18:51:26,0,0,0,0,0,0,0,0,0,0,168
1183,18:51:27,0,0,0,0,0,0,0,0,0,0,168
1184,18:51:28,0,0,0,0,0,0,0,0,0,0,168
1185,18:51:29,0,0,0,0,0,0,0,0,0,0,168
1186,18:51:30,0,0,0,0,0,0,0,0,0,0,168
1187,18:51:31,0,0,0,0,0,0,0,0,0,0,168
1188,18:51:32,0,0,0,0,0,0,0,0,0,0,168
1189,18:51:33,0,0,0,0,0,0,0,0,0,0,168
1190,18:51:34,0,0,0,0,0,0,0,0,0,0,168
1191,18:51:35,0,0,0,0,0,0,0,0,0,0,168
1192,18:51:36,0,0,0,0,0,0,0,0,0,0,168
1193,18:51:37,0,0,0,0,0,0,0,0,0,0,168
1194,18:51:38,0,0,0,0,0,0,0,0,0,0,168
1195,18:51:39,0,0,0,0,0,0,0,0,0,0,168
1196,18:51:40,0,0,0,0,0,0,0,0,0,0,168
1197,18:51:41,0,0,0,0,0,0,0,0,0,0,168
1198,18:51:42,0,0,0,0,0,0,0,0,0,0,168
1199,18:51:43,0,0,0,0,0,0,0,0,0,0,168
1200,18:51:44,0,0,0,0,0,0,0,0,0,0,168
1201,18:51:45,0,0,0,0,0,0,0,0,0,0,168
1202,18:51:46,0,0,0,0,0,0,0,0,0,0,168
1203,18:51:47,0,0,0,0,0,0,0,0,0,0,168
1204,18:51:48,0,0,0,0,0,0,0,0,0,0,168
1205,18:51:49,0,0,0,0,0,0,0,0,0,0,168
1206,18:51:50,0,0,0,0,0,0,0,0,0,0,168
1207,18:51:51,0,0,0,0,0,0,0,0,0,0,168
1208,18:51:52,0,0,0,0,0,0,0,0,0,0,168
1209,18:51:53,0,0,0,0,0,0,0,0,0,0,168
1210,18:51:54,0,0,0,0,0,0,0,0,0,0,168
1211,18:51:55,0,0,0,0,0,0,0,0,0,0,168
1212,18:51:56,0,0,0,0,0,0,0,0,0,0,168
1213,18:51:57,0,0,0,0,0,0,0,0,0,0,168
1214,18:51:58,0,0,0,0,0,0,0,0,0,0,168
1215,18:51:59,0,0,0,0,0,0,0,0,0,0,168
1216,18:52:00,0,0,0,0,0,0,0,0,0,0,168
1217,18:52:01,0,0,0,0,0,0,0,0,0,0,168
1218,18:52:02,0,0,0,0,0,0,0,0,0,0,168
1219,18:52:03,0,0,0,0,0,0,0,0,0,0,168
1220,18:52:04,0,0,0,0,0,0,0,0,0,0,168
1221,18:52:05,0,0,0,0,0,0,0,0,0,0,168
1222,18:52:06,0,0,0,0,0,0,0,0,0,0,168
1223,18:52:07,0,0,0,0,0,0,0,0,0,0,168
1224,18:52:08,0,0,0,0,0,0,0,0,0,0,168
1225,18:52:09,0,0,0,0,0,0,0,0,0,0,168
1226,18:52:10,0,0,0,0,0,0,0,0,0,0,168
1227,18:52:11,0,0,0,0,0,0,0,0,0,0,168
1228,18:52:12,0,0,0,0,0,0,0,0,0,0,168
1229,18:52:13,0,0,0,0,0,0,0,0,0,0,168
1230,18:52:14,0,0,0,0,0,0,0,0,0,0,168
1231,18:52:15,0,0,0,0,0,0,0,0,0,0,168
1232,18:52:16,0,0,0,0,0,0,0,0,0,0,168
1233,18:52:17,0,0,0,0,0,0,0,0,0,0,168
1234,18:52:18,0,0,0,0,0,0,0,0,0,0,168
1235,18:52:19,0,0,0,0,0,0,0,0,0,0,168
1236,18:52:20,0,0,0,0,0,0,0,0,0,0,168
1237,18:52:21,0,0,0,0,0,0,0,0,0,0,168
1238,18:52:22,0,0,0,0,0,0,0,0,0,0,168
1239,18:52:23,0,0,0,0,0,0,0,0,0,0,168
1240,18:52:24,0,0,0,0,0,0,0,0,0,0,168
1241,18:52:25,0,0,0,0,0,0,0,0,0,0,168
1242,18:52:26,0,0,0,0,0,0,0,0,0,0,168
1243,18:52:27,0,0,0,0,0,0,0,0,0,0,168
1244,18:52:28,0,0,0,0,0,0,0,0,0,0,168
1245,18:52:29,0,0,0,0,0,0,0,0,0,0,168
1246,18:52:30,0,0,0,0,0,0,0,0,0,0,168
1247,18:52:31,0,0,0,0,0,0,0,0,0,0,168
1248,18:52:32,0,0,0,0,0,0,0,0,0,0,168
1249,18:52:33,0,0,0,0,0,0,0,0,0,0,168
1250,18:52:34,0,0,0,0,0,0,0,0,0,0,168
1251,18:52:35,0,0,0,0,0,0,0,0,0,0,168
1252,18:52:36,0,0,0,0,0,0,0,0,0,0,168
1253,18:52:37,0,0,0,0,0,0,0,0,0,0,168
1254,18:52:38,0,0,0,0,0,0,0,0,0,0,168
1255,18:52:39,0,0,0,0,0,0,0,0,0,0,168
1256,18:52:40,0,0,0,0,0,0,0,0,0,0,168
1257,18:52:41,0,0,0,0,0,0,0,0,0,0,168
1258,18:52:42,0,0,0,0,0,0,0,0,0,0,168
1259,18:52:43,0,0,0,0,0,0,0,0,0,0,168
1260,18:52:44,0,0,0,0,0,0,0,0,0,0,168
1261,18:52:45,0,0,0,0,0,0,0,0,0,0,168
1262,18:52:47,0,0,0,0,0,0,0,0,0,0,168
1263,18:52:48,0,0,0,0,0,0,0,0,0,0,168
1264,18:52:49,0,0,0,0,0,0,0,0,0,0,168
1265,18:52:50,0,0,0,0,0,0,0,0,0,0,168
1266,18:52:51,0,0,0,0,0,0,0,0,0,0,168
1267,18:52:52,0,0,0,0,0,0,0,0,0,0,168
1268,18:52:53,0,0,0,0,0,0,0,0,0,0,168
1269,18:52:54,0,0,0,0,0,0,0,0,0,0,168
1270,18:52:55,0,0,0,0,0,0,0,0,0,0,168
1271,18:52:56,0,0,0,0,0,0,0,0,0,0,168
1272,18:52:57,0,0,0,0,0,0,0,0,0,0,168
1273,18:52:58,0,0,0,0,0,0,0,0,0,0,168
1274,18:52:59,0,0,0,0,0,0,0,0,0,0,168
1275,18:53:00,0,0,0,0,0,0,0,0,0,0,168
1276,18:53:01,0,0,0,0,0,0,0,0,0,0,168
1277,18:53:02,0,0,0,0,0,0,0,0,0,0,168
1278,18:53:03,0,0,0,0,0,0,0,0,0,0,168
1279,18:53:04,0,0,0,0,0,0,0,0,0,0,168
1280,18:53:05,0,0,0,0,0,0,0,0,0,0,168
1281,18:53:06,0,0,0,0,0,0,0,0,0,0,168
1282,18:53:07,0,0,0,0,0,0,0,0,0,0,168
1283,18:53:08,0,0,0,0,0,0,0,0,0,0,168
1284,18:53:09,0,0,0,0,0,0,0,0,0,0,168
1285,18:53:10,0,0,0,0,0,0,0,0,0,0,168
1286,18:53:11,0,0,0,0,0,0,0,0,0,0,168
1287,18:53:12,0,0,0,0,0,0,0,0,0,0,168
1288,18:53:13,0,0,0,0,0,0,0,0,0,0,168
1289,18:53:14,0,0,0,0,0,0,0,0,0,0,168
1290,18:53:15,0,0,0,0,0,0,0,0,0,0,168
1291,18:53:16,0,0,0,0,0,0,0,0,0,0,168
1292,18:53:17,0,0,0,0,0,0,0,0,0,0,168
1293,18:53:18,0,0,0,0,0,0,0,0,0,0,168
1294,18:53:19,0,0,0,0,0,0,0,0,0,0,168
1295,18:53:20,0,0,0,0,0,0,0,0,0,0,168
1296,18:53:21,0,0,0,0,0,0,0,0,0,0,168
1297,18:53:22,0,0,0,0,0,0,0,0,0,0,168
1298,18:53:23,0,0,0,0,0,0,0,0,0,0,168
1299,18:53:24,0,0,0,0,0,0,0,0,0,0,168
1300,18:53:25,0,0,0,0,0,0,0,0,0,0,168
1301,18:53:26,0,0,0,0,0,0,0,0,0,0,168
1302,18:53:27,0,0,0,0,0,0,0,0,0,0,168
1303,18:53:28,0,0,0,0,0,0,0,0,0,0,168
1304,18:53:29,0,0,0,0,0,0,0,0,0,0,168
1305,18:53:30,0,0,0,0,0,0,0,0,0,0,168
1306,18:53:31,0,0,0,0,0,0,0,0,0,0,168
1307,18:53:32,0,0,0,0,0,0,0,0,0,0,168
1308,18:53:33,0,0,0,0,0,0,0,0,0,0,168
1309,18:53:34,0,0,0,0,0,0,0,0,0,0,168
1310,18:53:35,0,0,0,0,0,0,0,0,0,0,168
1311,18:53:36,0,0,0,0,0,0,0,0,0,0,168
1312,18:53:37,0,0,0,0,0,0,0,0,0,0,168
1313,18:53:38,0,0,0,0,0,0,0,0,0,0,168
1314,18:53:39,0,0,0,0,0,0,0,0,0,0,168
1315,18:53:40,0,0,0,0,0,0,0,0,0,0,168
1316,18:53:41,0,0,0,0,0,0,0,0,0,0,168
1317,18:53:42,0,0,0,0,0,0,0,0,0,0,168
1318,18:53:43,0,0,0,0,0,0,0,0,0,0,168
1319,18:53:44,0,0,0,0,0,0,0,0,0,0,168
1320,18:53:45,0,0,0,0,0,0,0,0,0,0,168
1321,18:53:46,0,0,0,0,0,0,0,0,0,0,168
1322,18:53:47,0,0,0,0,0,0,0,0,0,0,168
1323,18:53:48,0,0,0,0,0,0,0,0,0,0,168
1324,18:53:49,0,0,0,0,0,0,0,0,0,0,168
1325,18:53:50,0,0,0,0,0,0,0,0,0,0,168
1326,18:53:51,0,0,0,0,0,0,0,0,0,0,168
1327,18:53:52,0,0,0,0,0,0,0,0,0,0,168
1328,18:53:53,0,0,0,0,0,0,0,0,0,0,168
1329,18:53:54,0,0,0,0,0,0,0,0,0,0,168
1330,18:53:55,0,0,0,0,0,0,0,0,0,0,168
1331,18:53:56,0,0,0,0,0,0,0,0,0,0,168
1332,18:53:57,0,0,0,0,0,0,0,0,0,0,168
1333,18:53:58,0,0,0,0,0,0,0,0,0,0,168
1334,18:53:59,0,0,0,0,0,0,0,0,0,0,168
1335,18:54:00,0,0,0,0,0,0,0,0,0,0,168
1336,18:54:01,0,0,0,0,0,0,0,0,0,0,168
1337,18:54:02,0,0,0,0,0,0,0,0,0,0,168
1338,18:54:03,0,0,0,0,0,0,0,0,0,0,168
1339,18:54:04,0,0,0,0,0,0,0,0,0,0,168
1340,18:54:05,0,0,0,0,0,0,0,0,0,0,168
1341,18:54:06,0,0,0,0,0,0,0,0,0,0,168
1342,18:54:07,0,0,0,0,0,0,0,0,0,0,168
1343,18:54:08,0,0,0,0,0,0,0,0,0,0,168
1344,18:54:09,0,0,0,0,0,0,0,0,0,0,168
1345,18:54:10,0,0,0,0,0,0,0,0,0,0,168
1346,18:54:11,0,0,0,0,0,0,0,0,0,0,168
1347,18:54:12,0,0,0,0,0,0,0,0,0,0,168
1348,18:54:13,0,0,0,0,0,0,0,0,0,0,168
1349,18:54:14,0,0,0,0,0,0,0,0,0,0,168
1350,18:54:15,0,0,0,0,0,0,0,0,0,0,168
1351,18:54:16,0,0,0,0,0,0,0,0,0,0,168
1352,18:54:17,0,0,0,0,0,0,0,0,0,0,168
1353,18:54:18,0,0,0,0,0,0,0,0,0,0,168
1354,18:54:19,0,0,0,0,0,0,0,0,0,0,168
1355,18:54:20,0,0,0,0,0,0,0,0,0,0,168
1356,18:54:21,0,0,0,0,0,0,0,0,0,0,168
1357,18:54:22,0,0,0,0,0,0,0,0,0,0,168
1358,18:54:23,0,0,0,0,0,0,0,0,0,0,168
1359,18:54:24,0,0,0,0,0,0,0,0,0,0,168
1360,18:54:25,0,0,0,0,0,0,0,0,0,0,168
1361,18:54:26,0,0,0,0,0,0,0,0,0,0,168
1362,18:54:27,0,0,0,0,0,0,0,0,0,0,168
1363,18:54:28,0,0,0,0,0,0,0,0,0,0,168
1364,18:54:29,0,0,0,0,0,0,0,0,0,0,168
1365,18:54:30,0,0,0,0,0,0,0,0,0,0,168
1366,18:54:31,0,0,0,0,0,0,0,0,0,0,168
1367,18:54:32,0,0,0,0,0,0,0,0,0,0,168
1368,18:54:33,0,0,0,0,0,0,0,0,0,0,168
1369,18:54:34,0,0,0,0,0,0,0,0,0,0,168
1370,18:54:35,0,0,0,0,0,0,0,0,0,0,168
1371,18:54:36,0,0,0,0,0,0,0,0,0,0,168
1372,18:54:37,0,0,0,0,0,0,0,0,0,0,168
1373,18:54:38,0,0,0,0,0,0,0,0,0,0,168
1374,18:54:39,0,0,0,0,0,0,0,0,0,0,168
1375,18:54:40,0,0,0,0,0,0,0,0,0,0,168
1376,18:54:41,0,0,0,0,0,0,0,0,0,0,168
1377,18:54:42,0,0,0,0,0,0,0,0,0,0,168
1378,18:54:43,0,0,0,0,0,0,0,0,0,0,168
1379,18:54:44,0,0,0,0,0,0,0,0,0,0,168
1380,18:54:45,0,0,0,0,0,0,0,0,0,0,168
1381,18:54:46,0,0,0,0,0,0,0,0,0,0,168
1382,18:54:47,0,0,0,0,0,0,0,0,0,0,168
1383,18:54:48,0,0,0,0,0,0,0,0,0,0,168
1384,18:54:49,0,0,0,0,0,0,0,0,0,0,168
1385,18:54:50,0,0,0,0,0,0,0,0,0,0,168
1386,18:54:51,0,0,0,0,0,0,0,0,0,0,168
1387,18:54:52,0,0,0,0,0,0,0,0,0,0,168
1388,18:54:53,0,0,0,0,0,0,0,0,0,0,168
1389,18:54:54,0,0,0,0,0,0,0,0,0,0,168
1390,18:54:55,0,0,0,0,0,0,0,0,0,0,168
1391,18:54:56,0,0,0,0,0,0,0,0,0,0,168
1392,18:54:57,0,0,0,0,0,0,0,0,0,0,168
1393,18:54:58,0,0,0,0,0,0,0,0,0,0,168
1394,18:54:59,0,0,0,0,0,0,0,0,0,0,168
1395,18:55:00,0,0,0,0,0,0,0,0,0,0,168
1396,18:55:01,0,0,0,0,0,0,0,0,0,0,168
1397,18:55:02,0,0,0,0,0,0,0,0,0,0,168
1398,18:55:03,0,0,0,0,0,0,0,0,0,0,168
1399,18:55:04,0,0,0,0,0,0,0,0,0,0,168
1400,18:55:05,0,0,0,0,0,0,0,0,0,0,168
1401,18:55:06,0,0,0,0,0,0,0,0,0,0,168
1402,18:55:07,0,0,0,0,0,0,0,0,0,0,168
1403,18:55:08,0,0,0,0,0,0,0,0,0,0,168
1404,18:55:09,0,0,0,0,0,0,0,0,0,0,168
1405,18:55:10,0,0,0,0,0,0,0,0,0,0,168
1406,18:55:11,0,0,0,0,0,0,0,0,0,0,168
1407,18:55:12,0,0,0,0,0,0,0,0,0,0,168
1408,18:55:13,0,0,0,0,0,0,0,0,0,0,168
1409,18:55:14,0,0,0,0,0,0,0,0,0,0,168
1410,18:55:15,0,0,0,0,0,0,0,0,0,0,168
1411,18:55:16,0,0,0,0,0,0,0,0,0,0,168
1412,18:55:17,0,0,0,0,0,0,0,0,0,0,168
1413,18:55:18,0,0,0,0,0,0,0,0,0,0,168
1414,18:55:19,0,0,0,0,0,0,0,0,0,0,168
1415,18:55:20,0,0,0,0,0,0,0,0,0,0,168
1416,18:55:21,0,0,0,0,0,0,0,0,0,0,168
1417,18:55:22,0,0,0,0,0,0,0,0,0,0,168
1418,18:55:23,0,0,0,0,0,0,0,0,0,0,168
1419,18:55:24,0,0,0,0,0,0,0,0,0,0,168
1420,18:55:25,0,0,0,0,0,0,0,0,0,0,168
1421,18:55:26,0,0,0,0,0,0,0,0,0,0,168
1422,18:55:27,0,0,0,0,0,0,0,0,0,0,168
1423,18:55:28,0,0,0,0,0,0,0,0,0,0,168
1424,18:55:29,0,0,0,0,0,0,0,0,0,0,168
1425,18:55:30,0,0,0,0,0,0,0,0,0,0,168
1426,18:55:31,0,0,0,0,0,0,0,0,0,0,168
1427,18:55:32,0,0,0,0,0,0,0,0,0,0,168
1428,18:55:33,0,0,0,0,0,0,0,0,0,0,168
1429,18:55:34,0,0,0,0,0,0,0,0,0,0,168
1430,18:55:35,0,0,0,0,0,0,0,0,0,0,168
1431,18:55:36,0,0,0,0,0,0,0,0,0,0,168
1432,18:55:37,0,0,0,0,0,0,0,0,0,0,168
1433,18:55:38,0,0,0,0,0,0,0,0,0,0,168
1434,18:55:39,0,0,0,0,0,0,0,0,0,0,168
1435,18:55:40,0,0,0,0,0,0,0,0,0,0,168
1436,18:55:41,0,0,0,0,0,0,0,0,0,0,168
1437,18:55:42,0,0,0,0,0,0,0,0,0,0,168
1438,18:55:43,0,0,0,0,0,0,0,0,0,0,168
1439,18:55:44,0,0,0,0,0,0,0,0,0,0,168
1440,18:55:45,0,0,0,0,0,0,0,0,0,0,168
1441,18:55:46,0,0,0,0,0,0,0,0,0,0,168
1442,18:55:47,0,0,0,0,0,0,0,0,0,0,168
1443,18:55:48,0,0,0,0,0,0,0,0,0,0,168
1444,18:55:49,0,0,0,0,0,0,0,0,0,0,168
1445,18:55:50,0,0,0,0,0,0,0,0,0,0,168
1446,18:55:51,0,0,0,0,0,0,0,0,0,0,168
1447,18:55:52,0,0,0,0,0,0,0,0,0,0,168
1448,18:55:53,0,0,0,0,0,0,0,0,0,0,168
1449,18:55:54,0,0,0,0,0,0,0,0,0,0,168
1450,18:55:55,0,0,0,0,0,0,0,0,0,0,168
1451,18:55:56,0,0,0,0,0,0,0,0,0,0,168
1452,18:55:57,0,0,0,0,0,0,0,0,0,0,168
1453,18:55:58,0,0,0,0,0,0,0,0,0,0,168
1454,18:55:59,0,0,0,0,0,0,0,0,0,0,168
1455,18:56:00,0,0,0,0,0,0,0,0,0,0,168
1456,18:56:01,0,0,0,0,0,0,0,0,0,0,168
1457,18:56:02,0,0,0,0,0,0,0,0,0,0,168
1458,18:56:03,0,0,0,0,0,0,0,0,0,0,168
1459,18:56:04,0,0,0,0,0,0,0,0,0,0,168
1460,18:56:05,0,0,0,0,0,0,0,0,0,0,168
1461,18:56:06,0,0,0,0,0,0,0,0,0,0,168
1462,18:56:08,0,0,0,0,0,0,0,0,0,0,168
1463,18:56:09,0,0,0,0,0,0,0,0,0,0,168
1464,18:56:10,0,0,0,0,0,0,0,0,0,0,168
1465,18:56:11,0,0,0,0,0,0,0,0,0,0,168
1466,18:56:12,0,0,0,0,0,0,0,0,0,0,168
1467,18:56:13,0,0,0,0,0,0,0,0,0,0,168
1468,18:56:14,0,0,0,0,0,0,0,0,0,0,168
1469,18:56:15,0,0,0,0,0,0,0,0,0,0,168
1470,18:56:16,0,0,0,0,0,0,0,0,0,0,168
1471,18:56:17,0,0,0,0,0,0,0,0,0,0,168
1472,18:56:18,0,0,0,0,0,0,0,0,0,0,168
1473,18:56:19,0,0,0,0,0,0,0,0,0,0,168
1474,18:56:20,0,0,0,0,0,0,0,0,0,0,168
1475,18:56:21,0,0,0,0,0,0,0,0,0,0,168
1476,18:56:22,0,0,0,0,0,0,0,0,0,0,168
1477,18:56:23,0,0,0,0,0,0,0,0,0,0,168
1478,18:56:24,0,0,0,0,0,0,0,0,0,0,168
1479,18:56:25,0,0,0,0,0,0,0,0,0,0,168
1480,18:56:26,0,0,0,0,0,0,0,0,0,0,168
1481,18:56:27,0,0,0,0,0,0,0,0,0,0,168
1482,18:56:28,0,0,0,0,0,0,0,0,0,0,168
1483,18:56:29,0,0,0,0,0,0,0,0,0,0,168
1484,18:56:30,0,0,0,0,0,0,0,0,0,0,168
1485,18:56:31,0,0,0,0,0,0,0,0,0,0,168
1486,18:56:32,0,0,0,0,0,0,0,0,0,0,168
1487,18:56:33,0,0,0,0,0,0,0,0,0,0,168
1488,18:56:34,0,0,0,0,0,0,0,0,0,0,168
1489,18:56:35,0,0,0,0,0,0,0,0,0,0,168
1490,18:56:36,0,0,0,0,0,0,0,0,0,0,168
1491,18:56:37,0,0,0,0,0,0,0,0,0,0,168
1492,18:56:38,0,0,0,0,0,0,0,0,0,0,168
1493,18:56:39,0,0,0,0,0,0,0,0,0,0,168
1494,18:56:40,0,0,0,0,0,0,0,0,0,0,168
1495,18:56:41,0,0,0,0,0,0,0,0,0,0,168
1496,18:56:42,0,0,0,0,0,0,0,0,0,0,168
1497,18:56:43,0,0,0,0,0,0,0,0,0,0,168
1498,18:56:44,0,0,0,0,0,0,0,0,0,0,168
1499,18:56:45,0,0,0,0,0,0,0,0,0,0,168
1500,18:56:46,0,0,0,0,0,0,0,0,0,0,168
1501,18:56:47,0,0,0,0,0,0,0,0,0,0,168
1502,18:56:48,0,0,0,0,0,0,0,0,0,0,168
1503,18:56:49,0,0,0,0,0,0,0,0,0,0,168
1504,18:56:50,0,0,0,0,0,0,0,0,0,0,168
1505,18:56:51,0,0,0,0,0,0,0,0,0,0,168
1506,18:56:52,0,0,0,0,0,0,0,0,0,0,168
1507,18:56:53,0,0,0,0,0,0,0,0,0,0,168
1508,18:56:54,0,0,0,0,0,0,0,0,0,0,168
1509,18:56:55,0,0,0,0,0,0,0,0,0,0,168
1510,18:56:56,0,0,0,0,0,0,0,0,0,0,168
1511,18:56:57,0,0,0,0,0,0,0,0,0,0,168
1512,18:56:58,0,0,0,0,0,0,0,0,0,0,168
1513,18:56:59,0,0,0,0,0,0,0,0,0,0,168
1514,18:57:00,0,0,0,0,0,0,0,0,0,0,168
1515,18:57:01,0,0,0,0,0,0,0,0,0,0,168
1516,18:57:02,0,0,0,0,0,0,0,0,0,0,168
1517,18:57:03,0,0,0,0,0,0,0,0,0,0,168
1518,18:57:04,0,0,0,0,0,0,0,0,0,0,168
1519,18:57:05,0,0,0,0,0,0,0,0,0,0,168
1520,18:57:06,0,0,0,0,0,0,0,0,0,0,168
1521,18:57:07,0,0,0,0,0,0,0,0,0,0,168
1522,18:57:08,0,0,0,0,0,0,0,0,0,0,168
1523,18:57:09,0,0,0,0,0,0,0,0,0,0,168
1524,18:57:10,0,0,0,0,0,0,0,0,0,0,168
1525,18:57:11,0,0,0,0,0,0,0,0,0,0,168
1526,18:57:12,0,0,0,0,0,0,0,0,0,0,168
1527,18:57:13,0,0,0,0,0,0,0,0,0,0,168
1528,18:57:14,0,0,0,0,0,0,0,0,0,0,168
1529,18:57:15,0,0,0,0,0,0,0,0,0,0,168
1530,18:57:16,0,0,0,0,0,0,0,0,0,0,168
1531,18:57:17,0,0,0,0,0,0,0,0,0,0,168
1532,18:57:18,0,0,0,0,0,0,0,0,0,0,168
1533,18:57:19,0,0,0,0,0,0,0,0,0,0,168
1534,18:57:20,0,0,0,0,0,0,0,0,0,0,168
1535,18:57:21,0,0,0,0,0,0,0,0,0,0,168
1536,18:57:22,0,0,0,0,0,0,0,0,0,0,168
1537,18:57:23,0,0,0,0,0,0,0,0,0,0,168
1538,18:57:24,0,0,0,0,0,0,0,0,0,0,168
1539,18:57:25,0,0,0,0,0,0,0,0,0,0,168
1540,18:57:26,0,0,0,0,0,0,0,0,0,0,168
1541,18:57:27,0,0,0,0,0,0,0,0,0,0,168
1542,18:57:28,0,0,0,0,0,0,0,0,0,0,168
1543,18:57:29,0,0,0,0,0,0,0,0,0,0,168
1544,18:57:30,0,0,0,0,0,0,0,0,0,0,168
1545,18:57:31,0,0,0,0,0,0,0,0,0,0,168
1546,18:57:32,0,0,0,0,0,0,0,0,0,0,168
1547,18:57:33,0,0,0,0,0,0,0,0,0,0,168
1548,18:57:34,0,0,0,0,0,0,0,0,0,0,168
1549,18:57:35,0,0,0,0,0,0,0,0,0,0,168
1550,18:57:36,0,0,0,0,0,0,0,0,0,0,168
1551,18:57:37,0,0,0,0,0,0,0,0,0,0,168
1552,18:57:38,0,0,0,0,0,0,0,0,0,0,168
1553,18:57:39,0,0,0,0,0,0,0,0,0,0,168
1554,18:57:40,0,0,0,0,0,0,0,0,0,0,168
1555,18:57:41,0,0,0,0,0,0,0,0,0,0,168
1556,18:57:42,0,0,0,0,0,0,0,0,0,0,168
